jpmyq asreb zxcvk  whtu_ dnloi gf___;100872;105820;170157;1.049;136853.00;134955.50;1.000;1346342.75
jpmbq asrey zxcvk  whtu_ dnloi gf___;100872;105820;170157;1.049;136882.00;134955.50;1.000;1346388.14
jpmyq asreb zxcvk  whtf_ dilno gu___;100872;105820;170157;1.049;136853.00;135322.50;1.000;1346522.10
jpmbq asrey zxcvk  whtf_ dilno gu___;100872;105820;170157;1.049;136882.00;135322.50;1.000;1346564.28
jpmyq asreb zxcvk  wuth_ dnloi gf___;100872;105820;170157;1.049;136853.00;135520.50;1.000;1346636.05
jpmbq asrey zxcvk  wuth_ dnloi gf___;100872;105820;170157;1.049;136882.00;135520.50;1.000;1346676.51
jpmyq asreb zxcvk  whtu_ dnlio gf___;100872;105820;170157;1.049;136853.00;135743.00;1.000;1346778.32
jpmyq asreb zxcvk  whtf_ dolni gu___;100872;105820;170157;1.049;136853.00;135744.00;1.000;1346779.00
jpmbq asrey zxcvk  whtu_ dnlio gf___;100872;105820;170157;1.049;136882.00;135743.00;1.000;1346816.86
jpmbq asrey zxcvk  whtf_ dolni gu___;100872;105820;170157;1.049;136882.00;135744.00;1.000;1346817.52
jpmyq asreb zxcvk  wfth_ dilno gu___;100872;105820;170157;1.049;136853.00;135877.00;1.000;1346871.21
jpmyq asreb zxcvk  whtf_ uolni gd___;100872;105820;170157;1.049;136853.00;135903.00;1.000;1346889.86
jpmbq asrey zxcvk  wfth_ dilno gu___;100872;105820;170157;1.049;136882.00;135877.00;1.000;1346908.60
jpmbq asrey zxcvk  whtf_ uolni gd___;100872;105820;170157;1.049;136882.00;135903.00;1.000;1346927.02
jpmyq asreb zxcvk  wfth_ dilon gu___;100872;105820;170157;1.049;136853.00;139195.00;1.001;1350840.78
jpmbq asrey zxcvk  whtf_ gilno du___;100872;105820;170157;1.049;136882.00;136636.00;1.000;1357911.55
jpmkq asrey zxcvb  wuth_ dniol gf___;100872;105820;170157;1.049;138671.00;142192.00;1.001;1361555.21
jpdyq asreb zxcvk  wuth_ mnloi gf___;99905;102306;174638;1.024;135437.50;130578.00;1.003;1368019.93
jpdbq asrey zxcvk  wfth_ molni gu___;99905;102306;174638;1.024;135909.00;132292.50;1.001;1368473.05
jpmbq asred zxcvk  whtf_ uloni gy___;108058;100272;168519;1.078;146741.00;133192.50;1.020;1378529.71
jpmyq asrek zxcvb  whif_ uolnt gd___;100872;105820;170157;1.049;138198.00;148067.00;1.010;1379058.56
jpmuq asrey zxcvk  whnb_ dtlio gf___;108151;98489;170209;1.098;148870.00;137848.50;1.013;1385886.16
jpmyq asreb zxcvk  wdtf_ holni gu___;100872;105820;170157;1.049;136853.00;150889.50;1.021;1390097.15
jpmyq asrew zxcvk  bhtf_ dolin gu___;98055;105997;172797;1.081;131237.00;141988.00;1.013;1391378.18
jpmbq asrey zxcvk  wfth_ digno lu___;100872;105820;170157;1.049;136882.00;140672.00;1.002;1394180.99
jumbq asrey zxcvk  wfth_ gilno dp___;100737;102309;173803;1.016;139812.00;130500.00;1.010;1395498.93
jumyq asreb zxcvk  wfth_ dilno gp___;100737;102309;173803;1.016;141604.00;129191.50;1.018;1396729.41
jpmwq asrey zxcvk  bgth_ dnloi uf___;98055;105997;172797;1.081;131754.50;142745.50;1.014;1401121.62
jfdyq asreb zxcvk  wuth_ mnloi gp___;92996;102043;181810;1.097;125809.00;131585.00;1.004;1402743.52
jumbq asrey zxcvk  wfth_ gidno lp___;100737;102309;173803;1.016;139812.00;132350.50;1.006;1408749.66
jpdbq asrey zxcvk  wfto_ mhlni gu___;99905;102306;174638;1.024;135909.00;143729.50;1.007;1411253.69
jpryq asmeb zxcvg  fhiw_ dunot kl___;103730;100067;173052;1.037;143597.00;144859.50;1.000;1414156.82
jpgyq asreb zxcvk  whtu_ dnoli mf___;93230;105722;177897;1.134;128465.00;138221.00;1.011;1416508.78
jpmkq asreb zxcvy  uwth_ ndloi gf___;100872;105820;170157;1.049;139770.00;149392.50;1.009;1417569.98
jgmyq asreb zxcvk  whtu_ dnlio pf___;93483;107722;175644;1.152;126576.50;139440.50;1.020;1419456.52
jplkq asreb zxcvy  uwth_ ndmoi gf___;107094;98606;171149;1.086;148197.50;140337.00;1.006;1420706.49
jpmbq asrey zxcvk  wotu_ dnlih gf___;100872;105820;170157;1.049;136882.00;153024.00;1.027;1426397.93
jpmdq asreb zxcvk  whtf_ uolni gy___;108058;100272;168519;1.078;150123.50;127926.50;1.058;1427830.54
jpmyq asrel zxcvk  whnu_ dtboi gf___;113538;95563;167748;1.188;157724.50;138173.50;1.039;1427857.60
jumgq asreb zxcvk  wdlf_ iotnh yp___;102481;101410;172958;1.011;144244.00;150981.00;1.004;1428411.89
jpmkq asrey zxcvu  whfb_ dtlio gn___;108151;98489;170209;1.098;153880.50;145185.50;1.007;1432060.33
jpryq asmeb zxcvk  uhtw_ dfloi gn___;100872;105820;170157;1.049;138145.50;153258.00;1.024;1442484.44
jpdbq asney zxcvk  wfth_ molri gu___;93870;94499;188480;1.007;129927.50;122007.00;1.008;1442827.21
jpmwq asref zxcvk  bhiy_ dtlno gu___;98355;101009;177485;1.027;131571.50;146438.50;1.025;1443211.03
jymkq asrep zxcvu  whfb_ dtlio gn___;108151;98489;170209;1.098;157109.00;145185.50;1.013;1444220.73
jpmgq asrey zxcvf  wuoh_ lndti bk___;103006;94755;179088;1.087;140665.00;130661.00;1.012;1447194.55
jumyq asreb zxcvk  wotd_ hilnf gp___;100737;102309;173803;1.016;141604.00;156132.50;1.021;1450240.68
jfmbq asreh zxcvk  wytp_ dolni gu___;101308;95812;179729;1.057;139880.50;126430.00;1.022;1450810.33
jpmfq asreb zxcvk  whuy_ tloin gd___;100620;100280;175949;1.003;136444.50;145855.50;1.009;1451577.81
jpmyq asreb zxcvf  wuth_ dnloi gk___;103073;96765;177011;1.065;140517.00;122134.50;1.044;1452357.99
jpmfq asreb zxcvk  whuy_ tolin gd___;100620;100280;175949;1.003;136444.50;147054.50;1.012;1456459.74
jpmfq asreb zxcvk  whuy_ tloni gd___;100620;100280;175949;1.003;136444.50;147956.50;1.014;1460419.30
jpmfq asreb zxcvk  whuy_ dloin gt___;100620;100280;175949;1.003;136444.50;148021.50;1.014;1460714.11
jpeyq asrmf zxcvk  whtb_ dionl gu___;100174;100534;176141;1.004;155300.50;135153.50;1.043;1465988.81
jpmfq asreb zxcvk  whuy_ tolni gd___;100620;100280;175949;1.003;136444.50;149155.50;1.017;1466061.89
jfegq asrdy zxcvk  wpth_ molni bu___;93219;100323;183307;1.076;142640.00;127233.50;1.029;1468777.33
jpmkq asrey zxcvu  whfi_ dtlbo gn___;108151;98489;170209;1.098;153880.50;161535.50;1.005;1468916.44
jpeyq asrmf zxcvk  bhtw_ niudl go___;100174;100534;176141;1.004;155300.50;158322.50;1.001;1468973.45
jlmbq asrey zxcvw  khut_ dnpio gf___;105915;95500;175434;1.109;143525.50;129136.50;1.025;1469579.18
jwmbq asrey zxcvk  phtu_ dnloi gf___;90740;109916;176193;1.211;122344.00;142356.50;1.052;1475015.94
jdryq asemb zxcvg  fhin_ puwot kl___;102931;98468;175450;1.045;152438.00;141076.00;1.013;1480361.09
jlmyq asreb zxcvf  whtu_ dgpoi nk___;108183;90186;178480;1.200;149418.00;146260.00;1.001;1485461.11
jpmyq asrew zxcvk  bdtf_ holin gu___;98055;105997;172797;1.081;131237.00;156905.00;1.074;1490267.17
jpmwq asreb zxcvl  ukoh_ gdyti nf___;114484;92135;170230;1.243;166510.50;161959.00;1.002;1494870.62
jgmyq asreb zxcvw  kdht_ filno pu___;93580;104145;179124;1.113;125859.50;139835.00;1.024;1502170.64
jbdpq asnek zxcvy  wftr_ lomhi gu___;93870;94499;188480;1.007;132593.50;136684.00;1.002;1503136.23
jlymq asreb zxcvf  whtu_ dgpoi nk___;108183;90186;178480;1.200;154338.00;146260.00;1.006;1504042.90
jfdyq asreg zxcvw  klht_ mnuoi bp___;93326;96756;186767;1.037;124472.00;131564.50;1.006;1505322.67
jmdwq aspeh zxcvu  kbto_ lnfir gy___;97776;97120;181953;1.007;144627.00;135243.50;1.010;1506057.34
jpkuq asmer zxcvb  gtdy_ wohil fn___;109787;99425;167637;1.104;170881.50;162432.00;1.005;1507321.52
jpmyq asieb zxcvk  wfth_ grlno du___;91423;86872;198554;1.052;129869.50;115523.00;1.030;1508468.41
jhpgq asdti zxcvk  wmob_ lefrn uy___;91833;97125;187891;1.058;138526.50;142508.50;1.002;1511861.32
jeryq asmpb zxcvk  uhtw_ dfloi gn___;100872;105820;170157;1.049;163681.00;153258.00;1.009;1513541.27
jgrkq asyed zxcvm  wiul_ fpohn bt___;99889;102094;174866;1.022;144806.50;155304.50;1.010;1520448.95
jbkuq asmer zxcvp  gtdy_ wohil fn___;109787;99425;167637;1.104;174806.50;162432.00;1.012;1525119.76
jfdyq asreb zxcvk  wuth_ mlnpi go___;92996;102043;181810;1.097;125809.00;148480.50;1.063;1526070.94
jglkq asreb zxcvy  uwtn_ hdmoi pf___;99516;100319;177014;1.008;136318.00;157454.50;1.047;1529442.17
jpeyq asrhf zxcvk  wmtb_ dionl gu___;100397;93854;182598;1.070;155496.50;131174.00;1.066;1537149.58
jpmbq asiey zxcvk  wfth_ drgno lu___;91423;86872;198554;1.052;130542.50;116292.00;1.030;1543459.43
jpnuq asbey zxcvk  wdmr_ htlio gf___;91098;89151;196600;1.022;132372.50;120980.50;1.018;1546416.34
jfnlq asipg zxcvy  horu_ mdbte kw___;86492;104180;186177;1.205;134665.50;149193.50;1.023;1546573.45
jpmuq asrey zxcvf  whnb_ dtlio gk___;110862;89944;176043;1.233;153990.50;125147.00;1.101;1549114.76
jwkuq asmer zxcvb  gtdy_ pohil fn___;99227;103093;174529;1.039;154532.00;168713.00;1.017;1561701.08
jbngq astlp zxcvu  ykhm_ oifer dw___;93321;90563;192965;1.030;139740.00;137288.00;1.001;1562878.63
jgmyq asrel zxcvw  kdhp_ fnbio tu___;104740;92382;179727;1.134;143724.50;149230.00;1.003;1564655.40
jurgq asebk zxcvl  dptm_ fnohy iw___;108634;94127;174088;1.154;173185.50;170850.00;1.000;1565464.99
jldwq aserg zxcvm  pkfn_ uothy ib___;112680;87588;176581;1.286;160557.00;157252.50;1.001;1581464.61
jwdnq asofp zxcvu  khty_ rbgie ml___;81508;103342;191999;1.268;135940.00;142338.00;1.004;1587543.21
jbuyq aslme zxcvd  kwig_ ponht rf___;100246;101997;174606;1.017;171496.50;155695.50;1.020;1608809.40
jleyq asmhw zxcvu  fgot_ rbkni dp___;95581;95970;185298;1.004;150083.00;154638.50;1.002;1613146.75
jbewq astuk zxcvh  igyl_ mdrof pn___;114590;92330;169929;1.241;189401.00;171528.00;1.021;1619027.27
jytiq asprf zxcvw  budg_ enlho km___;96795;83088;196966;1.165;143946.50;130618.50;1.021;1630800.91
jblmq aswek zxcvr  htpu_ ynigd of___;103381;98934;174534;1.045;161441.50;174318.00;1.013;1634521.33
jbhuq aslin zxcvp  mktd_ eorfg yw___;93382;85901;197566;1.087;145090.50;144696.00;1.000;1648826.51
jbfwq asehg zxcvn  ktml_ iroud py___;92239;88841;195769;1.038;142409.50;151654.00;1.008;1686300.79
jhmkq asltd zxcvi  fubn_ yoewr gp___;103228;89287;184334;1.156;164807.00;136658.50;1.081;1690822.20
jybnq asdoh zxcvu  wrtm_ gpefi lk___;77553;96525;202771;1.245;131943.50;144915.00;1.019;1694720.29
jlgnq askem zxcvw  drby_ htifu op___;98843;90681;187325;1.090;148777.00;164004.50;1.021;1695236.32
jtdmq aspoy zxcvf  wenh_ lgbri ku___;83071;90283;203495;1.087;130134.00;127516.00;1.001;1697953.61
jbdgq asile zxcvk  wutp_ nyfhm ro___;104857;83427;188565;1.257;172238.00;161428.50;1.009;1702409.55
jwryq asuni zxcvk  mbdp_ oehtg lf___;81354;92978;202517;1.143;128145.50;146210.00;1.039;1703192.73
jupgq asiey zxcvm  hbtl_ rndkf ow___;99499;71727;205623;1.387;152931.00;140880.00;1.015;1703913.01
jpftq aslud zxcvh  myon_ ebwir gk___;86736;96485;193628;1.112;147589.00;158629.50;1.011;1704913.75
jftuq askhi zxcvd  pwne_ rgyob ml___;96693;95964;184192;1.008;154782.00;166361.50;1.011;1709271.41
jbgwq aslfu zxcve  mhir_ potdn yk___;83647;102682;190520;1.228;150929.00;149455.50;1.000;1712769.62
jhpyq asgtf zxcvo  rlik_ wnueb md___;86252;96652;193945;1.121;141790.00;153046.00;1.013;1717143.72
jimkq aspon zxcvf  uwrt_ yledb gh___;100756;92118;183975;1.094;169838.00;145522.50;1.054;1718752.56
julpq asomd zxcvh  gfte_ ynwri bk___;79018;97222;200609;1.230;120829.50;138340.50;1.041;1721322.45
jyedq ashln zxcvk  fpwm_ rbiug to___;108812;81362;186675;1.337;169596.00;159000.00;1.009;1723080.99
jkurq aslmo zxcvd  ihwg_ ybetn fp___;84915;95607;196327;1.126;142679.50;147978.00;1.003;1731813.11
jntdq asbwr zxcvg  fkuo_ leimh yp___;82853;78018;215978;1.062;130869.00;126311.00;1.003;1742283.08
jbrlq astok zxcvw  hufm_ ygedp ni___;92416;81206;203227;1.138;129565.50;136792.00;1.006;1745818.23
jnhgq aswde zxcvb  okmt_ prluy fi___;102253;91409;183187;1.119;182236.00;175749.50;1.003;1748229.15
jrbmq aspud zxcvi  lthf_ wnyeo gk___;82223;94306;200320;1.147;139477.00;135899.00;1.001;1754260.50
jituq asmwh zxcvd  reoy_ kfpln bg___;100715;91413;184721;1.102;170925.50;149670.50;1.040;1756107.98
jogpq asewh zxcvk  mlnf_ rbtiu dy___;86542;79069;211238;1.095;137571.50;123961.00;1.024;1756548.98
jhloq asibf zxcvd  gurm_ wtepn yk___;88467;86111;202271;1.027;148670.00;121942.00;1.092;1758222.81
jiyfq ashln zxcvp  mdtr_ bkeuw go___;86115;89356;201378;1.038;147044.00;163715.00;1.025;1769874.84
jdnhq aspeb zxcvf  mklw_ ryigo tu___;103912;76195;196742;1.364;150443.50;130092.00;1.048;1773075.36
jubtq aspif zxcvk  rlmd_ yegno hw___;86204;102665;187980;1.191;138714.00;164806.00;1.068;1775494.34
jwouq asmiy zxcvn  dhpf_ tgkle rb___;99075;88675;189099;1.117;170965.50;146094.50;1.056;1777158.56
jhkrq asofn zxcvb  dpey_ tiwml ug___;80251;85443;211155;1.065;129921.50;133620.00;1.002;1782209.53
jinbq asyru zxcvl  kpmt_ ogdwf he___;99492;78531;198826;1.267;169584.50;160413.50;1.007;1790367.82
jbnwq ashem zxcvk  fypg_ oilur td___;92653;92967;191229;1.003;129183.00;159770.00;1.106;1794615.36
jphnq asebl zxcvk  mfyr_ wduit go___;105949;78599;192301;1.348;166567.50;133313.50;1.117;1796202.63
jhulq asibt zxcvp  omfg_ rkewd ny___;113782;88850;174217;1.281;192148.50;169625.00;1.035;1796330.39
jpfkq asleb zxcvh  mgon_ wduir ty___;89885;101523;185441;1.129;132863.50;164194.00;1.105;1801539.78
jgfpq ashlr zxcvi  bkyn_ tomew ud___;79802;82172;214875;1.030;140611.50;135024.50;1.003;1812551.87
jlgfq astow zxcvb  dpem_ kriny hu___;78097;95492;203260;1.223;112855.00;141295.00;1.119;1814260.06
jmdfq aslor zxcvk  bwth_ inegu yp___;76947;97661;202241;1.269;115397.00;145593.50;1.128;1814897.12
jhidq asofn zxcvk  ertg_ bpwmy lu___;100507;84166;192176;1.194;166838.50;163546.50;1.001;1815705.05
jbkeq asyug zxcvr  lhwm_ nfito dp___;93984;103100;179765;1.097;185035.50;156334.50;1.065;1815930.00
jftlq asguo zxcvd  kwme_ yhbip rn___;91265;79022;206562;1.155;150744.00;150913.50;1.000;1817104.34
jfhoq aslbr zxcvd  pmit_ unwke yg___;78240;85383;213226;1.091;135254.00;119418.50;1.035;1817469.07
jelbq asrpd zxcvm  hkfn_ tygui ow___;124548;87171;165130;1.429;212860.00;170869.50;1.114;1817775.43
jlftq asrbp zxcvd  umeo_ kwyin gh___;80192;79137;217520;1.013;127850.50;115890.50;1.021;1817804.90
jtbgq asdli zxcvm  ofew_ rkhpu yn___;94120;87958;194771;1.070;159069.50;172954.00;1.015;1820089.06
jubwq astih zxcvm  gerl_ nydkf po___;98236;100968;177645;1.028;145776.00;181022.00;1.110;1830282.96
jibyq asthk zxcvo  gdum_ rewnl fp___;103716;87246;185887;1.189;177503.50;139581.00;1.137;1831468.65
jdeyq ashpi zxcvk  rbfn_ tmwgl uo___;99491;76003;201355;1.309;158190.00;164109.50;1.003;1834848.32
jonrq aslup zxcvb  kemg_ ytdwi hf___;106948;77683;192218;1.377;164030.50;130197.00;1.127;1838925.10
jpynq asrtg zxcvh  ubow_ kmlfd ie___;99405;76686;200758;1.296;152657.50;135494.00;1.032;1839877.40
jetfq asubk zxcvd  wmpo_ lyrgh in___;105585;80099;191165;1.318;179311.00;155477.00;1.046;1840671.05
jihdq aspou zxcvw  rflk_ ygteb nm___;80739;83044;213066;1.029;132071.50;139324.50;1.006;1846174.16
jrtyq asibh zxcvm  nkeg_ dwlfu op___;106608;79852;190389;1.335;173343.00;147936.00;1.057;1856205.30
jhfiq askdo zxcvb  lmte_ gpnru yw___;71726;98961;206162;1.380;134099.50;157035.50;1.057;1856687.97
jirnq asluy zxcvf  wbpt_ odhgk em___;100270;74721;201858;1.342;160786.50;160314.50;1.000;1856921.94
jpioq asnhw zxcvf  rgbk_ mduyl et___;100546;81331;194972;1.236;172818.50;176276.50;1.001;1857334.49
jomiq aspwg zxcvh  unrt_ yfekl bd___;75195;92714;208940;1.233;131745.50;146148.50;1.024;1859668.42
jyowq asihu zxcvf  pdek_ blrng mt___;74383;96068;206398;1.292;123487.00;154768.50;1.121;1863230.89
jyutq asknd zxcvb  pehr_ miwlo gf___;78679;107355;190815;1.364;123801.50;158658.00;1.147;1870964.97
jbylq asgei zxcvm  krto_ pduwh nf___;104972;80121;191756;1.310;172767.00;138439.00;1.116;1875285.32
jkytq asodg zxcvn  rmle_ hubfp iw___;94022;87692;195135;1.072;167411.00;160700.00;1.003;1878380.13
jrwoq asgun zxcvl  dpbt_ mkefy ih___;98694;81714;196441;1.208;174315.50;161656.00;1.012;1882134.97
jirdq asuwl zxcvf  obke_ mghtn py___;82637;90924;203288;1.100;140623.00;158229.00;1.031;1885446.64
jtirq asymb zxcvd  uknh_ goplw fe___;97917;75517;203415;1.297;155551.00;130723.50;1.070;1902302.97
jpytq asodl zxcvh  rmfg_ nuieb kw___;100037;82011;194801;1.220;172674.00;137340.50;1.124;1908041.84
jgitq asmkl zxcvp  hufd_ ewrny ob___;92944;94250;189655;1.014;152658.50;176790.50;1.049;1910025.48
jfdbq asmeg zxcvo  uhrt_ npwiy kl___;94292;78672;203885;1.199;148997.00;121335.00;1.099;1913272.38
jyhlq aspmn zxcvr  wgdf_ ktoeb iu___;71840;79681;225328;1.109;116709.50;133175.50;1.039;1918688.56
jpmeq asfbw zxcvo  gtdy_ rkihl un___;92242;82359;202248;1.120;165926.00;147943.00;1.029;1919470.12
jlktq asfgn zxcvu  obry_ wimph de___;84276;94832;197741;1.125;148287.50;170277.50;1.043;1921637.83
jfgnq asymw zxcvt  kpdr_ holei bu___;69629;105257;201963;1.512;122503.00;154317.00;1.126;1923196.47
jmitq aspur zxcvb  ldng_ koyhf ew___;110852;73942;192055;1.499;175901.00;147645.50;1.071;1925682.85
jyikq asbmg zxcvt  wrpu_ hflne od___;76676;112839;187334;1.472;144236.00;184381.50;1.144;1929779.33
joygq asnbm zxcvr  ihfw_ kdpel tu___;84427;93199;199223;1.104;153393.00;173729.00;1.035;1930820.94
jdfkq asgyo zxcvt  lenr_ pmuhi bw___;68652;101310;206887;1.476;132010.50;154852.00;1.058;1934348.36
jwlrq asmyi zxcvd  pfnb_ oguth ke___;75990;94688;206171;1.246;129856.00;155639.50;1.076;1938709.79
jtwhq asngf zxcvl  kimp_ uoryd eb___;86526;91628;198695;1.059;136909.00;162244.50;1.066;1939715.12
jdflq asuko zxcvt  yhwg_ nbmpi er___;90000;86368;200481;1.042;168236.50;170348.00;1.000;1941754.70
jwtyq aspiu zxcvo  lmgf_ hkrdb ne___;106839;77241;192769;1.383;173588.00;146074.50;1.069;1955849.31
jipeq asgmk zxcvf  dbol_ hrntw uy___;94311;82529;200009;1.143;171251.50;133885.00;1.145;1956851.97
jitpq asgwb zxcvo  emlk_ ndufh ry___;96926;79295;200628;1.222;171529.00;176707.00;1.002;1961330.62
jktoq asmhd zxcvw  brgf_ enlpi uy___;82547;98153;196149;1.189;124454.00;161720.50;1.165;1971855.88
juegq asmbo zxcvw  dyin_ hpkrt lf___;89914;79300;207635;1.134;152349.00;116665.50;1.171;1991805.99
jmokq asfpr zxcvi  tynu_ wbdgh el___;95145;88279;193425;1.078;168722.00;183619.50;1.015;1997580.51
jugyq aswmo zxcvn  prtk_ fehdl bi___;74179;113139;189531;1.525;141363.50;184290.00;1.169;2008492.64
jrumq aspbi zxcvf  kwen_ yhogd tl___;80333;99862;196654;1.243;135355.50;172816.00;1.142;2015503.56
jneiq asgyf zxcvw  krdp_ htmlb uo___;109107;71496;196246;1.526;178236.50;130134.00;1.240;2018591.59
jhbmq asoft zxcvn  rdpl_ ikeyg uw___;107127;76941;192781;1.392;186261.00;150038.50;1.110;2020302.30
jmouq aslwe zxcvk  tgyp_ hrdfi nb___;100257;75331;201261;1.331;168887.00;140853.50;1.076;2022363.47
jidyq asnwp zxcvl  ktgm_ fbouh er___;87238;102417;187194;1.174;153334.00;195901.00;1.143;2023629.13
jlprq asbgf zxcvi  yeht_ owduk mn___;77871;96631;202347;1.241;139696.50;167276.00;1.075;2030045.04
jkgoq aswdt zxcvl  mrne_ fuybh ip___;74936;91553;210360;1.222;139656.00;165865.50;1.068;2033032.20
jhknq asopt zxcvm  rgdw_ eibyl uf___;107429;77265;192155;1.390;184860.50;147144.00;1.123;2040874.70
jiphq asryw zxcvo  fkmt_ egdnu bl___;88977;76822;211050;1.158;165674.50;132816.50;1.115;2058152.73
jmkhq astni zxcvl  owdp_ fyegb ur___;122239;76756;177854;1.593;194983.50;143158.00;1.232;2070230.76
jhkoq asbgn zxcvl  refw_ yiptm du___;73967;100685;202197;1.361;141708.50;176853.50;1.116;2073938.64
jnkwq asdeb zxcvi  huyf_ olprm tg___;113646;76500;186703;1.486;191430.50;145300.00;1.183;2076747.05
jnurq asybl zxcvk  dfeo_ wphit gm___;69587;106597;200665;1.532;111657.50;153373.50;1.245;2085255.06
jyhwq asekg zxcvl  utdi_ pnmfr bo___;81844;111055;183950;1.357;130138.00;183649.50;1.289;2088915.58
jfihq asdek zxcvl  ypbr_ tmwun go___;113055;72590;191204;1.557;181688.00;130814.00;1.263;2089306.38
jdylq asigk zxcvt  fhno_ bwpum er___;87907;98600;190342;1.122;149797.00;191474.00;1.144;2105634.80
jidrq asfwu zxcvg  nthk_ bmlpe yo___;70540;99807;206502;1.415;124340.50;160128.50;1.153;2121713.74
jdlnq ashmi zxcvb  rewp_ guyfk to___;90797;87639;198413;1.036;150897.00;187989.00;1.114;2122618.81
jfdwq asekb zxcvh  ygin_ mlurt po___;77007;113762;186080;1.477;116234.00;172719.00;1.382;2137129.79
jnowq asfkt zxcvy  ehdl_ bgmpr iu___;89387;95440;192022;1.068;149133.00;189890.50;1.139;2139023.58
jhyfq asopn zxcvl  erbw_ kmgti du___;82423;89294;205132;1.083;134117.00;168581.50;1.124;2146115.44
jpnwq asiek zxcvu  mhfy_ gdlbr to___;112375;61419;203055;1.830;167282.50;122320.50;1.238;2151097.69
jdpkq aswnf zxcvi  mgbh_ teryo ul___;74249;113731;188869;1.532;127330.00;178822.00;1.281;2153191.14
jkrwq asnud zxcvo  ehpb_ lyfgi mt___;89167;91687;195995;1.028;150990.00;189901.50;1.125;2154870.33
jyehq asptb zxcvl  iokm_ gdfnr uw___;132871;82102;161876;1.618;210631.50;142381.00;1.374;2156319.40
jpduq ashrn zxcvf  mlei_ ykgbo tw___;72594;80913;223342;1.115;113147.50;146917.00;1.164;2182017.23
jihkq asogt zxcvw  ynrm_ ufple bd___;102722;86603;187524;1.186;178584.50;121526.00;1.361;2183273.12
jkphq asmrl zxcvn  wybt_ gdife ou___;68532;82341;225976;1.201;106804.50;138389.00;1.161;2183510.31
jeklq aspbi zxcvf  ogum_ dytrn hw___;102539;79264;195046;1.294;190636.00;138945.00;1.243;2195364.17
jruhq asgle zxcvk  mopf_ nyitw db___;114832;83935;178082;1.368;202853.00;139270.50;1.345;2201382.24
jopgq asmuf zxcvn  lebw_ ithky dr___;84877;104321;187651;1.229;154448.00;206659.00;1.205;2206148.15
jtkbq asplu zxcvr  eomi_ nwhdf gy___;88709;96334;191806;1.086;154357.00;191823.00;1.111;2216813.61
jgmtq aspnf zxcvr  oilb_ yhedk uw___;89521;68417;218911;1.308;149073.50;114006.00;1.173;2230536.45
jetyq ashpb zxcvu  gnkr_ dwmfo li___;125236;82780;168833;1.513;213611.00;145742.00;1.356;2244933.54
jrluq asoih zxcvf  pgeb_ twykm nd___;110080;63344;203425;1.738;172605.50;125100.50;1.252;2252045.22
jekdq asypw zxcvg  rhto_ uinlb mf___;72954;118210;185685;1.620;128348.50;184295.00;1.319;2260938.59
jiwpq asklr zxcvf  obeg_ dhmut yn___;73884;104249;198716;1.411;130467.00;180517.00;1.257;2263257.26
jmueq asiwb zxcvd  yfrn_ tohgp lk___;102308;77973;196568;1.312;178982.00;125428.00;1.308;2270016.88
jtrkq asfum zxcvg  opni_ lwhye db___;73796;99560;203493;1.349;116032.50;163298.00;1.285;2276701.16
jnilq askhr zxcvd  gpyf_ bewom ut___;95032;66225;215592;1.435;156662.50;112355.50;1.269;2280523.57
jtmbq asruf zxcvw  hodp_ iyenk gl___;75100;99133;202616;1.320;114258.50;162651.00;1.304;2295899.78
jpkoq asmfr zxcvb  tlie_ yndgh uw___;72036;116473;188340;1.617;130769.00;182670.00;1.272;2303502.01
jfwiq astgk zxcvu  yero_ bphlm dn___;79569;108315;188965;1.361;128004.50;188908.00;1.369;2308555.04
juodq asgpe zxcvk  bifh_ ylnrt wm___;93684;72963;210202;1.284;162720.50;108690.00;1.396;2324822.57
jdukq astwh zxcve  rnbl_ fomgi py___;121060;86766;169023;1.395;216696.00;148195.50;1.352;2332696.19
jibmq aslrn zxcvf  gdeu_ htpwk yo___;95415;74289;207145;1.284;161251.00;109047.00;1.373;2338648.61
jfrnq aspwl zxcvd  tyge_ bouih km___;67678;87068;222103;1.287;109805.50;146494.50;1.201;2339586.20
jgrhq asipw zxcvl  emby_ tokun fd___;77226;87178;212445;1.129;120611.50;161148.50;1.203;2345616.49
jgnbq aseiy zxcvh  lodk_ pumfr wt___;117427;65020;194402;1.806;168942.50;110825.50;1.431;2352034.07
jftlq asgko zxcvr  unmb_ yhiep dw___;94398;73663;208788;1.281;170611.00;118737.50;1.321;2352510.03
jnokq aswbd zxcvu  rfel_ htypm gi___;72113;116437;188299;1.615;125795.00;190311.50;1.417;2377514.31
jtmeq asdnw zxcvk  oigl_ hbyuf rp___;125448;69091;182310;1.816;202169.50;139296.00;1.338;2384823.46
jowdq asynr zxcvb  ehfk_ itpgu ml___;81952;93114;201783;1.136;135057.00;189267.50;1.278;2416491.25
jfrdq asnuh zxcvi  peyk_ olbtm wg___;97677;65927;213245;1.482;163686.00;112333.50;1.346;2425721.73
jwnrq asklm zxcvu  oygt_ fbhei pd___;68142;97959;210748;1.438;113092.00;164440.00;1.342;2431234.83
jylbq aspht zxcvm  drfw_ ougne ik___;83452;115646;177751;1.386;128599.00;200499.50;1.476;2451850.59
jkrlq asbet zxcvy  hgnd_ imfpw uo___;130896;72615;173338;1.803;202745.00;127683.00;1.514;2460126.39
jhikq asbmd zxcve  yftn_ lpgor uw___;103993;81552;191304;1.275;198550.00;128856.50;1.453;2491503.24
jknlq asuob zxcvf  iptd_ hwmey rg___;82507;108360;185982;1.313;126235.00;200415.00;1.513;2513209.26
jdnfq asmgi zxcvt  yebl_ ouprw kh___;112401;80998;183450;1.388;201953.50;130042.00;1.468;2526479.84
jfmiq asndw zxcvl  tkgp_ eyubh ro___;87713;99351;189785;1.133;143998.50;209445.50;1.342;2548026.97
jhpuq asgwi zxcve  rdbn_ kftly om___;99744;67363;209742;1.481;194245.50;141283.00;1.246;2548925.50
jpduq aslkr zxcvh  moit_ gnweb fy___;66817;107045;202987;1.602;108599.00;169604.50;1.480;2559173.04
jnmfq asyiu zxcvp  eorb_ lgwhd tk___;82969;101426;192454;1.222;137172.00;199867.50;1.346;2570414.94
jwelq ashrn zxcvk  pfmg_ yibdo ut___;119774;64848;192227;1.847;180764.50;109666.00;1.592;2575802.39
jgweq asutr zxcvk  oilp_ yfhnd bm___;124303;74686;177860;1.664;211419.00;131332.00;1.542;2580743.86
juoyq asfdp zxcvh  grnk_ lwemi bt___;63053;109779;204017;1.741;105681.50;169293.00;1.532;2592508.27
jyrhq asnbg zxcve  iokf_ mpdtw lu___;116240;73332;187277;1.585;221984.00;144135.00;1.452;2609394.50
jebuq asihd zxcvw  mngr_ kotpf ly___;102995;71757;202097;1.435;178626.50;113346.00;1.498;2610632.01
judlq asfie zxcvm  trpg_ whkby on___;121395;66555;188899;1.824;214771.00;147397.00;1.346;2612077.62
jhifq asyle zxcvp  moku_ tbwng dr___;112031;66398;198420;1.687;194264.00;126593.00;1.444;2618825.15
jlroq ashft zxcvg  wkne_ dupbm iy___;108852;65059;202938;1.673;179473.00;117803.00;1.430;2633246.16
jkemq ashir zxcvy  obtl_ pgnuf dw___;118263;66752;191834;1.772;192277.50;116891.00;1.588;2637340.89
jiogq asfwy zxcvl  utdm_ hbprn ek___;77831;105650;193368;1.357;144387.50;222566.00;1.453;2647693.45
jdweq asnog zxcvy  hlkt_ rpumi fb___;110235;68808;197806;1.602;174230.00;107931.50;1.548;2656178.29
jpkwq asruf zxcvi  boye_ dlnmt hg___;69850;108528;198471;1.554;115402.50;186288.50;1.548;2661543.21
jrmyq asipw zxcvg  dnuk_ heoft bl___;67284;107762;201803;1.602;100555.00;168964.00;1.633;2672568.67
jkhbq aswro zxcve  tudg_ pflnm yi___;109641;73541;193667;1.491;206899.00;137273.00;1.409;2674619.10
jflhq askwy zxcvo  pdti_ geurn bm___;56127;127470;193252;2.271;105321.50;176096.00;1.622;2684718.78
jntiq asoyk zxcvp  grbf_ mdelh uw___;126386;71496;178967;1.768;195452.00;112281.00;1.709;2684867.08
jlitq aswgo zxcvf  kupd_ brmeh ny___;110060;76152;190637;1.445;192693.00;116587.00;1.598;2684870.78
jutnq asfio zxcvw  redg_ kybmp lh___;137998;70770;168081;1.950;221606.50;133168.00;1.612;2688716.00
jfltq asiru zxcvm  kwon_ bhgyd ep___;117229;64042;195578;1.831;184747.50;115536.50;1.528;2691660.75
jtnoq askrh zxcvw  gydp_ ebifl um___;116105;67852;192892;1.711;191520.50;116698.00;1.583;2702843.96
jnwbq asgkl zxcvt  purf_ ioyhd em___;73602;106350;196897;1.445;137486.00;209124.00;1.427;2709206.36
jdkiq asfgl zxcvp  yhun_ mebto rw___;65304;120502;191043;1.845;117000.50;197399.50;1.641;2714456.99
jfowq asntm zxcvr  ukgi_ ebphd yl___;113651;61045;202153;1.862;178728.50;111536.50;1.533;2749815.00
jmduq asyrn zxcvb  pgel_ fiwhk to___;69926;101670;205253;1.454;111149.50;178379.50;1.536;2768902.87
joubq asndw zxcvk  yrtg_ elmhi pf___;72113;116437;188299;1.615;111950.50;196204.00;1.723;2777867.07
jehdq asfmi zxcvg  uwrp_ ytlob kn___;108721;73081;195047;1.488;190228.00;111010.00;1.675;2788857.45
jhwrq asupt zxcvn  eilf_ kmodb yg___;104556;71464;200829;1.463;181541.50;122363.50;1.379;2796515.19
jpflq asrbh zxcve  tudy_ wgkin mo___;116435;79601;180813;1.463;219211.50;137452.00;1.523;2801860.61
jytuq askhl zxcvf  ndei_ pgrob mw___;78155;118540;180154;1.517;114531.50;205470.50;1.773;2850376.08
jhfmq asurd zxcve  wity_ kbpln og___;118393;79585;178871;1.488;222747.50;128870.50;1.693;2852221.27
jrtuq aspdf zxcvg  ebkh_ iwmyl no___;80114;85429;211306;1.066;117611.50;176467.50;1.401;2854620.67
jywuq asgte zxcvr  kfdp_ nohlb im___;126636;71051;179162;1.782;229012.50;133590.50;1.676;2859991.38
jduwq asynt zxcvf  ekph_ ibrgo ml___;77671;98085;201093;1.263;120422.00;192287.50;1.525;2864620.10
jdwhq asite zxcvk  oybr_ gfnlm pu___;141259;70272;165318;2.010;231386.00;128992.00;1.773;2866202.80
jwyrq asdig zxcvh  ntul_ mkbeo fp___;63901;96676;216272;1.513;101354.50;164200.00;1.555;2875378.44
jobdq aslfw zxcvu  rypi_ gnhke mt___;68277;121998;186574;1.787;118165.00;202019.00;1.670;2884314.33
jbryq asnok zxcvw  uftm_ lpedg hi___;74173;104037;198639;1.403;102664.00;186931.50;1.805;2896432.54
jmbgq asfpt zxcve  iulo_ wdkrn hy___;106084;77910;192855;1.362;199098.50;123959.50;1.537;2916754.11
jphgq asymi zxcve  unld_ fowbr kt___;102818;73266;200765;1.403;198833.00;120889.50;1.587;2918616.40
jbhoq aswtm zxcvk  dgru_ lniyp ef___;80615;108255;187979;1.343;121799.50;212199.50;1.710;2957401.39
jukgq aswri zxcvy  hlpt_ mndbe fo___;61159;114416;201274;1.871;101620.00;179441.00;1.739;2959705.65
jwtmq asenf zxcvp  bdgh_ kyuro il___;124472;57659;194718;2.159;177455.00;96518.00;1.826;2960175.94
jtepq asgdn zxcvy  uril_ hfkwm bo___;133218;64209;179422;2.075;214907.50;118850.00;1.790;2963471.95
jtehq asrml zxcvk  diog_ pfynb uw___;152550;67692;156607;2.254;232396.00;115502.00;2.012;2994702.16
jutdq asghe zxcvf  bwyk_ rmnoi pl___;125384;74897;176568;1.674;207765.50;108499.50;1.911;3016098.02
jogwq aslik zxcvd  mrnp_ ebfyh tu___;75570;101911;199368;1.349;123230.50;208644.50;1.649;3021160.99
jfpmq aswil zxcvy  tbdg_ nohre uk___;67963;124677;184209;1.834;104846.50;191432.50;1.811;3042914.52
jpkbq asltr zxcvg  oufh_ ewnym di___;75731;96023;205095;1.268;108593.00;180100.00;1.605;3049861.68
jgbiq asper zxcvf  mtdh_ yunok lw___;115874;65107;195868;1.780;186307.50;101349.00;1.825;3057014.77
jutnq asfio zxcvg  rebl_ dykmp wh___;140957;68792;167100;2.049;230790.00;124109.50;1.850;3062464.67
jeyiq asdgr zxcvb  nfhl_ mkuwo tp___;115185;68906;192758;1.672;218129.00;133117.00;1.579;3066162.76
jrydq asbgn zxcvl  hwtk_ impfo eu___;68570;99545;208734;1.452;116573.00;192235.50;1.593;3070015.56
jelfq asmtg zxcvd  poiy_ ruwbn kh___;118992;67095;190762;1.773;195365.50;105823.50;1.834;3102955.34
jnhiq astmo zxcvk  pbyf_ redwu lg___;137925;67692;171232;2.038;226061.50;115097.00;1.963;3108068.90
jytkq aswrl zxcvm  igbp_ nudho fe___;72070;99746;205033;1.384;105578.00;184766.00;1.720;3137339.41
jhloq asdbi zxcvr  wpkn_ fmgey tu___;101298;61726;213825;1.641;188392.50;111839.50;1.638;3144865.46
jfyeq asbnt zxcvw  lrik_ mdpgo hu___;112567;67175;197107;1.676;197676.50;109226.00;1.792;3145410.06
jrtdq asehm zxcvf  gwyk_ bpnoi ul___;150630;65405;160814;2.303;219668.00;97981.00;2.213;3148259.21
jnkdq ashwr zxcvl  gtuo_ byimf ep___;62633;88123;226093;1.407;104261.00;166060.00;1.520;3153359.37
jwimq aspoy zxcvf  tebl_ hgknd ur___;76628;108592;191629;1.417;119678.00;212562.50;1.752;3157806.75
jfuiq asmhk zxcvp  gelt_ oyrbd wn___;63293;114904;198652;1.815;107541.00;195242.00;1.799;3163135.42
jpkdq asbmu zxcvo  fwnh_ igtrl ye___;63138;127323;186388;2.017;114732.50;215189.00;1.868;3167286.85
jypoq aslng zxcvk  eiuw_ hmfdt br___;76981;109555;190313;1.423;122521.50;221330.50;1.788;3171746.08
joyfq astpw zxcvg  rdkb_ lhinu me___;73201;102985;200663;1.407;109421.50;197224.00;1.783;3179776.84
jirbq aseyg zxcvh  kmpw_ lnuof td___;114914;64279;197656;1.788;184849.00;98750.50;1.864;3180681.52
jfbeq asprg zxcvi  hwko_ dtnum ly___;115874;65107;195868;1.780;208296.50;113548.50;1.821;3189899.78
jfpeq asokt zxcvb  gdrm_ nhuwl yi___;113409;55660;207780;2.038;199025.50;108783.00;1.815;3215547.29
jplbq asrne zxcvu  ydto_ kmfgh iw___;135527;61485;179837;2.204;226319.50;115452.00;1.960;3223950.85
jgtmq aseuh zxcvr  owln_ dbfip ky___;153777;68621;154451;2.241;254307.00;121083.50;2.095;3224620.51
jbpyq asoiu zxcvf  erkn_ hmdlg wt___;78695;102542;195612;1.303;122553.50;220290.50;1.778;3226145.27
jftlq asnek zxcvp  ohbi_ gdyur wm___;130421;53846;192582;2.422;187769.50;97050.50;1.933;3230439.38
juwyq asref zxcvt  pgmo_ dlihn bk___;126348;68118;182383;1.855;205501.50;99640.00;2.060;3242779.69
juelq aspmb zxcvt  frko_ ginwy hd___;131469;72293;173087;1.819;229086.00;114822.50;1.995;3245348.60
jeufq asyhi zxcvl  romg_ ntdkb pw___;110450;61441;204958;1.798;213166.50;122204.50;1.713;3250522.45
jfinq aselg zxcvh  kdyu_ rwmpt bo___;135833;55215;185801;2.460;201918.50;97381.50;2.071;3261271.92
jlmfq asteo zxcvb  rpwn_ kdhgy iu___;133138;47545;196166;2.800;198612.00;109520.50;1.796;3276687.16
jpybq ashml zxcvn  rdkg_ outei fw___;62476;112121;202252;1.795;100011.50;189490.50;1.889;3286964.81
jwgnq astpe zxcvu  rody_ klhfm ib___;129714;60423;186712;2.147;215948.50;119376.50;1.791;3287263.25
jrywq asnhe zxcvd  ktlf_ pigbo mu___;120263;70258;186328;1.712;212931.50;106281.00;2.003;3291398.15
jyigq asond zxcvt  upwf_ rbekl mh___;133209;68908;174732;1.933;225476.50;110383.50;2.042;3291445.70
jtnrq aswop zxcvf  hdie_ myulk gb___;115790;61437;199622;1.885;182011.00;96952.50;1.870;3295035.64
jgneq aslwo zxcvy  mhdr_ btkpi fu___;113749;61433;201667;1.852;189192.00;99022.50;1.907;3299066.12
jefrq aspgi zxcvk  ythn_ mlwou bd___;113352;69253;194244;1.637;197989.00;103286.50;1.913;3302963.85
jgonq asiut zxcvw  dbyh_ kfrpe ml___;134865;70282;171702;1.919;216726.50;98597.50;2.179;3311494.44
jbpgq asfor zxcvw  uyhk_ tniml de___;66170;114477;196202;1.730;101482.00;196696.00;1.936;3316459.53
jhdlq aswot zxcvn  imbf_ ryepu kg___;115431;67357;194061;1.714;200958.50;108532.50;1.841;3317106.24
jfptq aswdl zxcvu  ombe_ rgiky nh___;73497;102630;200722;1.396;126206.50;220971.50;1.721;3325361.42
jgrkq aspof zxcvl  ubhn_ tmdiy ew___;75567;104625;196657;1.385;115442.50;210760.00;1.811;3328475.92
jwdfq asmgi zxcvu  rehb_ otpln yk___;60001;121585;195263;2.026;104394.50;202839.50;1.941;3338857.32
jfrlq askoe zxcvu  wipg_ hbtym dn___;128329;63504;185016;2.021;228277.00;114698.50;1.990;3342007.10
jpghq aswdi zxcvm  lyft_ unoeb rk___;60737;113895;202217;1.875;106567.50;202520.00;1.895;3348956.89
joehq astuf zxcvw  igyp_ dmrbl kn___;135152;53963;187734;2.505;220446.50;110967.00;1.987;3351010.92
jrieq asyup zxcvd  hbfo_ tgmkl nw___;128084;57904;190861;2.212;220927.00;117784.50;1.868;3356066.06
jbdgq asfwm zxcvi  prok_ uynet hl___;54739;130933;191177;2.392;97753.50;200671.00;2.051;3357650.58
jidbq asetl zxcvp  fogy_ hmwuk nr___;150321;51905;174623;2.896;228253.50;112623.00;2.026;3361181.46
jtdgq asnui zxcvo  ebyf_ kmrpw lh___;142684;63073;171092;2.262;255162.50;137954.00;1.838;3367888.41
jhwyq asnim zxcvf  tubr_ epdok gl___;72999;103904;199946;1.423;105930.00;194410.50;1.822;3375771.35
jublq asifw zxcvh  grep_ tmkdy on___;69375;115110;192364;1.659;107315.00;207615.00;1.933;3380166.77
jlohq aspdm zxcve  yurf_ ibgnk tw___;122220;62584;192045;1.953;229031.00;123265.50;1.848;3387020.79
jkurq astof zxcvi  dgwn_ hlyeb pm___;126915;65133;184801;1.949;209463.00;102476.00;2.043;3389803.92
jnrwq asdkg zxcvy  mpbh_ foiet lu___;55766;119326;201757;2.140;90236.50;187861.50;2.079;3392891.38
jikuq aslwh zxcvp  eygn_ fmtdo rb___;68850;114607;193392;1.665;124215.50;223844.00;1.783;3397664.88
jtrbq ashwm zxcve  gokp_ ylidf un___;142185;76576;158088;1.857;279182.00;133130.50;2.092;3401619.68
jignq askey zxcvr  hlbm_ dtwfo up___;131165;60012;185672;2.186;220475.00;106191.50;2.073;3406889.21
jiuyq astnr zxcvh  kfbl_ dowgp me___;134892;59437;182520;2.269;220813.50;106428.00;2.072;3407748.17
jknmq aslfb zxcvh  ygid_ utwre po___;53289;115548;208012;2.168;79723.00;165160.00;2.069;3415847.41
jmnyq asgdp zxcvu  orlk_ fhewi bt___;64286;124657;187906;1.939;104957.00;214202.50;2.040;3418593.14
jehlq asktm zxcvr  bnyp_ idgow fu___;152550;67692;156607;2.254;261972.00;120154.50;2.164;3421551.44
jpduq ashle zxcvt  mgny_ rkbwi of___;146685;68572;161592;2.139;264674.50;128274.50;2.061;3440454.23
jwogq ashtr zxcvn  kemf_ bdlip yu___;120905;64041;191903;1.888;199522.50;98102.00;2.033;3449365.63
jkdrq asgue zxcvo  bylt_ ifmpn wh___;118990;67699;190160;1.758;231337.50;118298.00;1.955;3451093.96
jkwlq asieo zxcvg  mnfb_ dputh ry___;106902;52827;217120;2.024;174096.00;90289.50;1.926;3457765.08
jfbdq asnou zxcvy  emli_ gwrph tk___;78623;109397;188829;1.391;118223.50;224322.00;1.892;3460012.12
jdukq asehn zxcvi  rwbl_ fogmt py___;128844;57704;190301;2.233;212345.00;104156.00;2.038;3460972.63
jeplq asrtw zxcvh  uyif_ bngok md___;155624;65345;155880;2.382;257851.00;104453.00;2.366;3462521.19
joyeq asdnp zxcvb  lhkw_ ritgf mu___;115220;61508;200121;1.873;201276.00;103658.50;1.940;3463393.91
jeulq askof zxcvr  yiph_ gmtbw dn___;128329;63504;185016;2.021;246541.50;123082.00;2.003;3463696.93
jfdpq asbrn zxcvg  mlwo_ kuyhi te___;62983;100359;213507;1.593;98918.00;182352.50;1.831;3464078.46
jytbq asewo zxcvu  mdph_ kfgil nr___;114455;54944;207450;2.083;187103.00;96088.00;1.946;3467366.32
jlopq asgum zxcvk  wtfi_ deyhb nr___;69958;121311;185580;1.734;107733.50;223187.50;2.069;3468190.86
jkbdq asrfi zxcve  tulo_ wgphn my___;115004;72048;189797;1.596;215363.00;117247.50;1.824;3468560.93
jhliq asmkg zxcvw  budf_ entpo ry___;61386;121557;193906;1.980;100234.00;207427.00;2.067;3470504.01
joipq asewh zxcvk  mlnf_ rbtgu dy___;105437;48604;222808;2.169;166200.50;83915.50;1.980;3470527.12
jourq asgde zxcvk  byln_ ifhpt wm___;118990;67699;190160;1.758;209872.50;101299.50;2.069;3470815.27
jgdyq asbrn zxcvp  mkwi_ ulfho te___;64289;106953;205607;1.664;103423.00;194171.00;1.870;3471413.18
jdwhq asite zxcvf  yobr_ gknum pl___;145929;63686;167234;2.291;240372.50;108058.50;2.200;3473061.50
jekhq asyni zxcvl  wodu_ ftmgb pr___;125153;58434;193262;2.142;226455.50;113039.00;2.003;3473743.06
jublq asifg zxcvh  wrpe_ tmkdy on___;70085;110883;195881;1.582;108361.00;206997.50;1.906;3474407.57
jeunq asmbr zxcvp  dyig_ owkht lf___;129122;68516;179211;1.885;235522.00;116275.50;2.025;3477490.14
jeplq asrty zxcvh  uwig_ bnfok md___;158651;66078;152120;2.401;262718.50;102936.50;2.413;3477937.50
jhylq asgfi zxcvm  ntro_ udpwb ke___;65053;111674;200122;1.717;114750.50;210861.00;1.825;3478509.92
jfunq asdkr zxcve  htpy_ mlwob gi___;121547;71708;183594;1.695;234409.00;121878.50;1.920;3480391.09
jlipq aswgb zxcvf  kutd_ oymeh nr___;63379;126937;186533;2.003;102473.50;218452.00;2.123;3480933.55
jwdfq asmig zxcvu  lehk_ otprn yb___;60001;121585;195263;2.026;91820.00;192763.00;2.094;3481876.26
jihgq asnye zxcvf  bpom_ tdwrk lu___;119254;62259;195336;1.915;218559.00;109249.00;2.001;3482488.69
joprq asywb zxcvf  tugk_ ndemh il___;68417;119367;189065;1.745;115635.00;219054.00;1.889;3483889.48
jegfq asyni zxcvl  romu_ htdkb pw___;126146;62618;188085;2.015;227729.50;115649.00;1.969;3486157.44
jepoq aslng zxcvk  yiuw_ hmfdt br___;119721;59145;197983;2.024;205973.50;99628.00;2.065;3487255.47
jdyiq astkh zxcve  pwfm_ oublg rn___;140879;67598;168372;2.084;256796.00;130122.50;1.973;3487914.62
jftnq aselg zxcvh  kdyp_ rwmui bo___;147492;57150;172207;2.581;230990.50;98647.50;2.286;3487935.07
jfpgq astbk zxcvl  drem_ unihy ow___;61670;119178;196001;1.933;93354.00;196705.50;2.101;3487982.30
jfunq asdhe zxcvl  mwgi_ btypo rk___;119261;65245;192343;1.828;211899.50;105502.50;2.008;3489372.65
jtmhq aseiu zxcvf  glyo_ wkrnb pd___;151684;54384;170781;2.789;231984.00;98498.00;2.295;3490683.27
jyfmq askhr zxcvn  tdeo_ pblig uw___;55214;99292;222343;1.798;91603.50;162577.50;1.750;3492248.23
jgtmq aseuh zxcvr  iwln_ dbfop ky___;153777;68621;154451;2.241;254307.00;111799.00;2.238;3493318.84
juigq asmbf zxcvk  rlep_ ydtno hw___;56803;134095;185951;2.361;92768.50;212252.50;2.248;3495249.93
jntoq askrh zxcvp  gydw_ eblfi um___;122630;60149;194070;2.039;202527.00;100507.00;2.015;3495416.32
jiefq ashln zxcvk  dmwp_ rbyut go___;128670;56663;191516;2.271;212446.50;101580.50;2.087;3495761.50
jdwfq asmig zxcvu  yehk_ otprn lb___;60001;121585;195263;2.026;93382.00;196156.00;2.096;3495803.26
jikhq asryf zxcve  npmt_ ogdwu bl___;112859;66247;197743;1.704;217814.00;121576.50;1.770;3496551.03
jfkmq asopr zxcvb  dgty_ niuwl eh___;72036;116473;188340;1.617;113204.00;228671.00;2.020;3499016.72
jftnq aslew zxcvu  rdmp_ kgyhi bo___;133725;50100;193024;2.669;195808.00;95085.00;2.058;3499042.11
jywtq aslhp zxcvg  nrbe_ muikf od___;76309;119041;181499;1.560;122108.50;239326.00;1.959;3502140.25
jgwtq asmkl zxcvp  huyd_ eirnf ob___;63302;118905;194642;1.878;106854.00;203718.00;1.902;3502624.74
jkrhq asdni zxcvt  wobm_ pfgey lu___;128753;61842;186254;2.082;242203.00;113353.00;2.127;3507033.99
juorq asgpe zxcvk  biln_ yfhdt wm___;118817;68326;189706;1.739;206273.00;94722.50;2.162;3507477.52
joyeq asdnp zxcvb  lhkw_ ritmf gu___;115220;61508;200121;1.873;201276.00;102159.00;1.970;3507603.06
jfurq askbw zxcvi  yphd_ mltog en___;65175;115087;196587;1.766;114754.50;220135.00;1.915;3507842.89
jkoiq astuf zxcvr  dgmn_ hlyeb pw___;126915;65133;184801;1.949;220731.50;104226.50;2.111;3508378.76
jnhdq askwr zxcve  ftuo_ lyimb gp___;118929;74892;183028;1.588;244269.50;125624.00;1.943;3508779.79
jmdkq asyht zxcvb  gple_ fiwru no___;66879;127864;182106;1.912;106399.00;224499.00;2.104;3509253.55
jwhnq astou zxcvi  pelf_ gkrdb ym___;145173;66143;165533;2.195;248885.50;112346.50;2.193;3509742.00
jteuq asmbn zxcvf  lyri_ wdkpg ho___;129774;56591;190484;2.293;216869.50;107656.00;2.014;3509901.17
jfhpq asmul zxcvw  yero_ giktn bd___;55504;131821;189524;2.375;85700.50;188734.50;2.182;3510791.94
jbkrq asulp zxcvy  onmw_ dfhie gt___;65609;134961;176279;2.057;102622.50;221426.50;2.145;3512140.12
jbtmq aspuy zxcvk  lrhf_ wndeo ig___;67838;131403;177608;1.937;95253.00;215137.50;2.226;3513901.61
jwhnq astir zxcvu  dopf_ meklg yb___;133880;60719;182250;2.205;207268.50;94683.50;2.171;3513910.27
jihwq asbre zxcvd  ktmp_ nofyg lu___;123175;64743;188931;1.903;226304.50;111639.00;2.027;3514930.14
jredq asilh zxcvp  gyow_ nmtfk ub___;146890;51307;178652;2.863;222166.50;95575.00;2.274;3517014.20
jpokq asmfr zxcvb  tlnu_ yidgh ew___;72036;116473;188340;1.617;121071.00;230024.00;1.895;3518173.87
jgnrq asiem zxcvy  dkpb_ ohluw tf___;141666;54358;180825;2.606;213856.00;102312.00;2.086;3520571.19
jfpmq astug zxcvk  rion_ dhlwe yb___;63687;120021;193141;1.885;84312.50;183331.50;2.159;3521708.93
jhliq asmkg zxcvw  budf_ entyo rp___;61386;121557;193906;1.980;100234.00;209548.00;2.087;3522383.40
jhtmq asiwe zxcvp  ludr_ bfogk ny___;149085;62743;165021;2.376;253185.50;118896.00;2.121;3523569.72
jhmwq asugn zxcvl  rekf_ oypti db___;63878;110498;202473;1.730;102970.00;199446.00;1.935;3524296.00
jmokq aspfr zxcvb  tynu_ lidgh ew___;72036;116473;188340;1.617;118597.00;226302.00;1.904;3525574.97
jfkeq asoht zxcvb  dgry_ nimwl up___;124930;62025;189894;2.014;220007.00;106046.50;2.072;3526608.61
jpelq asrhn zxcvk  wgmf_ yibdo tu___;128929;59775;188145;2.157;201143.50;93198.50;2.146;3526924.90
jbkmq asfdi zxcvu  rtoh_ engpl yw___;60768;127969;188112;2.106;106165.50;219356.00;2.064;3527247.51
jolmq asneb zxcvp  htrg_ yuiwd kf___;129590;54802;192457;2.365;200783.00;88686.00;2.230;3527452.65
jhduq asrpt zxcvn  imbf_ wyeol kg___;110631;62511;203707;1.770;191048.50;97983.50;1.949;3527591.98
jlprq asyum zxcvg  nbfi_ kdweo th___;69637;120891;186321;1.736;107517.00;217389.50;2.022;3528053.67
jernq asgom zxcvk  ftbi_ phyud lw___;136477;58767;181605;2.322;221899.50;105108.50;2.105;3528082.57
juemq ashir zxcvy  obtl_ pgnkf dw___;127584;54795;194470;2.328;209005.00;99830.50;2.089;3528349.42
jnufq asdkr zxcve  hbpy_ mlwot gi___;121547;71708;183594;1.695;235763.50;116358.50;2.026;3529188.96
jlkdq asnwi zxcve  gyuo_ bhftm pr___;128706;68637;179506;1.875;240665.00;119561.50;2.013;3529468.79
jlpmq asdwb zxcvu  khen_ fiyor gt___;58452;143713;174684;2.459;96801.50;230323.00;2.311;3529978.33
jtelq asfdn zxcvk  ymwb_ rghop iu___;134034;56659;186156;2.366;213147.00;101229.00;2.100;3531083.50
jmdnq aspwe zxcvr  iygl_ fouth kb___;126472;71436;178941;1.770;235904.00;115068.50;2.049;3532604.46
jwimq aspoy zxcvf  tekl_ hgbud nr___;76628;108592;191629;1.417;119678.00;224923.00;1.872;3536691.91
julgq askwy zxcvo  frtm_ hepdn bi___;56739;132507;187603;2.335;102979.00;218005.50;2.110;3538919.13
jfheq asipt zxcvg  wklr_ nymdb uo___;144027;57647;175175;2.498;243105.00;114356.00;2.118;3538939.63
jmokq aspfr zxcvb  lynh_ tidgu ew___;72036;116473;188340;1.617;118597.00;234179.50;1.974;3540699.86
jeulq askof zxcvr  wiph_ gbtmy dn___;128329;63504;185016;2.021;246541.50;119384.00;2.063;3542249.14
jukgq aspbf zxcvi  rlem_ ydton hw___;55907;131452;189490;2.351;97910.50;206678.50;2.105;3543073.89
jfgnq asemw zxcvt  kpdr_ holyi bu___;121706;64184;190959;1.896;201227.00;91185.50;2.186;3545045.53
jiugq asnye zxcvf  bpom_ tdwrk lh___;116220;61005;199624;1.905;209567.00;104792.50;2.000;3545128.48
jhmoq asgkw zxcvp  iurl_ ftedn yb___;52239;127729;196881;2.445;95344.50;200352.00;2.096;3545882.34
jmgyq asndp zxcvu  orfk_ lhewi bt___;64286;124657;187906;1.939;100423.00;211851.50;2.104;3547263.70
jhdlq asuny zxcvm  ewoi_ tgbfr pk___;67650;101885;207314;1.506;101585.50;185832.00;1.815;3550085.98
jfuoq asmhk zxcvp  gelt_ iyrbd nw___;63693;118934;194222;1.867;108480.50;217505.00;2.005;3555321.95
jhwuq asrpk zxcvn  eilf_ tmdob yg___;64348;98951;213550;1.538;104421.00;184246.00;1.738;3555602.69
jpldq asrne zxcvu  ybto_ kmfgh iw___;144946;58870;173033;2.462;245068.00;109549.00;2.210;3559989.14
jkpeq asmrl zxcvn  wgot_ ydufh bi___;128684;66433;181732;1.937;231377.00;110657.00;2.087;3560089.83
jfunq asekt zxcvl  rmwg_ oyhbp di___;133326;53375;190148;2.498;220545.00;112602.00;1.958;3562439.12
jfypq asdnr zxcvm  lewh_ uoigb tk___;65538;96070;215241;1.466;101678.00;189916.50;1.859;3562842.71
jwlnq ashep zxcvt  mfod_ ikbgy ru___;148891;56840;171118;2.619;243379.50;114210.00;2.122;3563989.08
jfduq ashlo zxcvw  ngmb_ rkyti ep___;68830;106161;201858;1.542;114248.50;216778.50;1.892;3564418.60
jetuq asnfb zxcvg  wlmk_ rdhoi yp___;126703;61064;189082;2.075;208769.50;92004.50;2.234;3565110.37
joukq asgwb zxcvi  rylp_ hntfm ed___;65004;111692;200153;1.718;121869.50;231557.50;1.895;3568602.00
joybq asteg zxcvf  urpm_ wknid hl___;110037;55611;211201;1.979;168008.50;81633.50;2.056;3568982.17
joewq astuf zxcvh  igyp_ dmrbl kn___;135152;53963;187734;2.505;233766.00;110967.00;2.101;3572136.15
jfmwq aseog zxcvt  lyib_ knhup dr___;116045;54426;206378;2.132;187748.00;90071.50;2.081;3572860.28
jlieq asmty zxcvw  uhgr_ dfbko pn___;138672;57731;180446;2.402;218154.50;101160.50;2.144;3573103.07
jhfiq asewo zxcvb  lmnk_ pgtyu rd___;108034;51179;217636;2.111;183889.00;94216.00;1.951;3574336.87
jtuiq asldo zxcvm  rhwf_ ybekn gp___;126316;59814;190719;2.112;218782.00;105650.00;2.068;3575309.23
jlpmq asdbw zxcvu  khen_ fiyor gt___;58452;143713;174684;2.459;94896.00;230323.00;2.341;3576115.02
jtkpq asbrl zxcve  gfio_ ymwdh un___;137765;67550;171534;2.039;262686.00;124074.00;2.110;3577857.70
jlkdq asiwn zxcve  bruo_ ghfpm ty___;128706;68637;179506;1.875;237875.50;122609.50;1.938;3578695.16
jbtmq asyup zxcvk  lrhf_ wgdeo in___;67838;131403;177608;1.937;98037.50;221944.50;2.230;3578739.42
jbkoq asgne zxcvh  tmrd_ wpyiu fl___;107572;64763;204514;1.661;195430.00;104886.00;1.854;3579746.25
jimuq asfwh zxcvp  ebgn_ lktdo ry___;64777;112714;199358;1.740;119304.50;221530.50;1.847;3579856.11
jybwq asmeu zxcvf  tilp_ ngdkr ho___;74921;110035;191893;1.469;111056.50;222700.00;2.005;3579961.81
jfdnq aspwe zxcvr  iygl_ mouth kb___;119135;68998;188716;1.727;223285.00;110486.50;2.021;3580124.52
jfhpq asmul zxcvw  yerg_ oiktn bd___;55504;131821;189524;2.375;85700.50;193002.50;2.221;3582908.86
jbkgq asfor zxcvd  umhp_ tniyl we___;62113;113294;201442;1.824;97922.50;196869.50;2.010;3583104.78
judrq asemw zxcvi  knbl_ foght py___;128868;62729;185252;2.054;209558.00;93398.50;2.215;3583224.54
jrouq aslit zxcvf  egyp_ hmdkw nb___;144211;52838;179800;2.729;228976.00;120656.00;1.893;3583418.15
jfypq asbrn zxcvh  lekm_ uotgd iw___;59066;94729;223054;1.604;92082.50;172590.50;1.866;3584309.09
jloyq ashgf zxcvb  kutm_ ipdew nr___;59191;118929;198729;2.009;97210.00;208255.00;2.132;3585008.65
jrihq asgle zxcvk  bopf_ nyutw dm___;127867;60277;188705;2.121;224701.50;105267.50;2.126;3585008.94
jgebq ashut zxcvi  ydmn_ krlpf ow___;143576;58408;174865;2.458;248178.00;113423.50;2.171;3585399.47
jtfiq asnmo zxcvg  pbyh_ wukre ld___;136055;69013;171781;1.971;233442.00;101104.00;2.263;3587518.89
juybq asimp zxcvd  ktlf_ engwo hr___;66171;120758;189920;1.825;103476.00;223459.50;2.147;3591952.12
jelbq asrpt zxcvm  hkfn_ dygui ow___;148216;61846;166787;2.397;254826.50;118984.00;2.132;3592973.93
jdflq asmkg zxcvt  yhwo_ bnupi er___;59883;107104;209862;1.789;102743.50;189576.00;1.833;3594405.87
jrhlq aspen zxcvy  wgdf_ kiomb tu___;131848;56726;188275;2.324;198996.50;91415.00;2.161;3595337.55
joewq asphf zxcvn  kgyt_ dmrul ib___;115241;54879;206729;2.100;210313.50;103945.50;2.023;3596412.75
joukq asgwb zxcvi  rylp_ mdtfh en___;65004;111692;200153;1.718;121869.50;227933.50;1.862;3596665.12
jfmwq aseog zxcvt  lyih_ knbup dr___;116045;54426;206378;2.132;187748.00;90848.50;2.064;3599354.94
jkiwq asnue zxcvh  dopb_ lgfyr mt___;115879;59767;201203;1.939;205407.50;103434.50;1.986;3600683.91
jyigq asoed zxcvb  fplu_ rtnhw mk___;102610;50462;223777;2.033;163260.50;75422.50;2.151;3600848.34
jkhtq asoey zxcvl  rbgm_ uifwp dn___;136485;55945;184419;2.440;216542.00;103795.00;2.083;3601989.91
jtgdq asfln zxcvr  woih_ upmke by___;93124;57784;225941;1.612;160545.00;83157.00;1.928;3603012.74
jtufq aswrk zxcvg  yiol_ hmpdb en___;68644;106889;201316;1.557;106210.50;205343.00;1.931;3603131.40
jfmtq asbng zxcve  oilp_ yhrwk ud___;123699;63183;189967;1.958;231606.00;119152.50;1.942;3604569.49
jlkrq asypi zxcve  gduo_ bhfwm tn___;125473;65682;185694;1.910;250589.00;134296.00;1.857;3605904.90
jdthq asoiu zxcvn  erkf_ ymblg wp___;152347;58289;166213;2.614;245469.00;117237.00;2.089;3606412.01
jhtiq asmwe zxcvp  ludr_ bfogy nk___;149085;62743;165021;2.376;252374.50;116315.00;2.156;3607513.14
jrlfq ashkn zxcvw  dbpt_ mueoy ig___;57821;90757;228271;1.570;88577.00;167285.50;1.882;3607804.92
jtdhq asoni zxcvu  yrkf_ mebwp lg___;152347;58289;166213;2.614;248484.00;103719.50;2.322;3608942.26
jbtmq aspuy zxcvk  lrhd_ wnfeo ig___;67838;131403;177608;1.937;95253.00;221164.50;2.272;3609024.22
jihwq asefd zxcvn  ktmp_ borug ly___;127646;62854;186349;2.031;225541.50;100658.00;2.212;3609658.61
jriwq asygp zxcvd  hbko_ tumfl ne___;65637;103568;207644;1.578;108662.50;206736.00;1.898;3611986.05
jynuq askhl zxcvf  tdei_ pgrob mw___;57774;115610;203465;2.001;94241.50;189208.00;2.008;3613767.54
jierq ashfd zxcvm  ktlg_ ywunb po___;134081;58580;184188;2.289;224453.50;100390.50;2.209;3613839.81
jnmpq asdbw zxcvl  ryiu_ fehok gt___;61960;118255;196634;1.909;101587.50;212064.50;2.084;3615042.30
jgdwq asetf zxcvo  rpik_ ynlhb mu___;116431;52265;208153;2.228;176855.50;86735.00;2.038;3615324.40
jmdfq asgop zxcvw  bktn_ ihelu yr___;55831;124421;196597;2.229;85105.00;195218.00;2.252;3616299.18
jdmpq askgb zxcvt  oinf_ rleyu hw___;57426;120924;198499;2.106;98643.50;194723.50;1.974;3616338.90
jgdwq aspnm zxcvl  ubeo_ tfriy hk___;63039;117391;196419;1.862;95160.50;205909.00;2.151;3617289.61
jkpdq asymu zxcvo  twnh_ lgfri be___;61716;126601;188532;2.051;110271.50;217862.00;1.975;3617571.08
jredq asilh zxcvp  gyow_ fmtnk ub___;146890;51307;178652;2.863;222166.50;86928.50;2.415;3617807.23
jwdbq asthk zxcvp  nlif_ ogrme yu___;65651;127183;184015;1.937;88194.50;209222.00;2.306;3618566.50
jgdyq asbrn zxcvp  mlwi_ ukfho te___;64289;106953;205607;1.664;103423.00;199407.50;1.925;3619951.47
jedhq asrmi zxcvg  ubfk_ ytolw pn___;133106;60250;183493;2.209;228407.00;102484.50;2.203;3622107.33
jrhbq asful zxcvw  ndko_ itpeg my___;59348;114582;202919;1.931;95072.50;198747.00;2.086;3623132.46
jtbmq aspuf zxcvw  ildr_ hgenk yo___;65557;120160;191132;1.833;101777.00;205643.50;2.020;3624259.19
jkytq asfuw zxcvg  bpni_ hmero dl___;54127;134876;187846;2.492;86957.00;199220.00;2.250;3628352.69
jeunq asmbr zxcvp  dyto_ gwlfi kh___;129122;68516;179211;1.885;235522.00;106369.50;2.192;3630159.84
jdhrq asegi zxcvy  klpt_ mnuow fb___;123562;60893;192394;2.029;204591.00;90149.50;2.234;3631692.00
jldfq aserg zxcvi  pkwn_ uothy mb___;133845;59355;183649;2.255;211679.00;90175.00;2.290;3634085.20
jrwnq asmle zxcvf  oytg_ dukhi bp___;120558;61279;195012;1.967;212013.00;103885.50;2.040;3634291.31
juorq asgde zxcvk  wiln_ yfhpt bm___;118990;67699;190160;1.758;206807.50;91042.00;2.236;3634969.73
jrgoq aswft zxcvi  hkne_ dupbm ly___;118492;65703;192654;1.803;225565.50;113944.00;1.979;3637166.43
jlieq astmy zxcvw  uhgr_ dfbko pn___;138672;57731;180446;2.402;222277.00;101160.50;2.178;3638278.40
jmlgq aseit zxcvf  dyop_ hrnkw ub___;142718;51552;182579;2.768;214992.00;89362.00;2.328;3640476.92
jlopq aswgb zxcvf  kutd_ iymeh nr___;60297;127485;189067;2.114;99461.50;220318.50;2.192;3640785.34
jhdmq askrn zxcvy  obtg_ luwfi pe___;59521;96153;221175;1.615;92186.00;176284.00;1.908;3642176.12
jikhq asryf zxcve  wpmt_ ogdnu bl___;112859;66247;197743;1.704;217814.00;108920.00;2.000;3642234.68
jbtmq aspuy zxcvk  lrhf_ wgdeo in___;67838;131403;177608;1.937;95253.00;221944.50;2.278;3643925.20
jrluq asoit zxcvf  egpd_ hwykm nb___;144211;52838;179800;2.729;230378.50;119406.50;1.927;3648206.46
jewnq asmlr zxcvf  hyig_ dukot bp___;120558;61279;195012;1.967;210747.50;96217.00;2.172;3649541.32
jiugq asnye zxcvf  bdom_ tpwrk lh___;116220;61005;199624;1.905;209567.00;102090.50;2.051;3650876.32
jdfhq aslib zxcvg  peyr_ otwmk un___;66839;110213;199797;1.649;97386.50;201393.00;2.066;3651479.66
jtfhq asenl zxcvp  owkd_ rgmyu bi___;150298;50665;175886;2.967;227669.50;103822.00;2.175;3652315.81
jnrmq asdki zxcvt  wfbh_ pogey lu___;120339;60331;196179;1.995;229049.50;106405.50;2.141;3652906.16
jewnq asmlr zxcvf  hyig_ dokut bp___;120558;61279;195012;1.967;210747.50;96078.50;2.175;3653555.78
jenyq asopb zxcvl  gtkr_ dmwfh ui___;121205;56604;199040;2.141;214079.50;106503.50;2.010;3656004.67
jygwq aslik zxcvp  mnfd_ eorth bu___;59095;134609;183145;2.278;89508.00;214233.50;2.320;3656644.78
jkrhq asdni zxcvt  wobm_ plgey fu___;128753;61842;186254;2.082;242203.00;105196.50;2.258;3657546.77
juorq asgde zxcvk  biln_ yfhpt wm___;118990;67699;190160;1.758;206807.50;90243.50;2.250;3660564.33
jlgfq astoe zxcvb  rpwn_ kdhmy iu___;125048;46999;204802;2.661;204232.00;106526.00;1.914;3663685.76
jwtnq ashou zxcvi  gelf_ pkrdb ym___;145173;66143;165533;2.195;259845.00;111656.00;2.276;3665142.08
jublq asifw zxcvh  grpe_ tmkdy on___;69375;115110;192364;1.659;107315.00;216736.00;2.019;3665622.89
jtfyq asgkm zxcvu  lbnp_ irewh do___;58808;127076;190965;2.161;103854.00;222305.50;2.131;3665674.48
jokmq asfnd zxcvb  rgty_ piuwl eh___;71492;113357;192000;1.586;113891.50;234398.50;2.056;3667992.88
jlihq aspgb zxcvy  eorm_ tfdnk uw___;66768;116230;193851;1.741;107973.50;212448.00;1.967;3669298.42
jfinq astew zxcvm  rbdg_ uhoyp lk___;154902;48020;173927;3.226;226581.00;93624.00;2.337;3669934.65
jkotq asmyw zxcvb  enlg_ ufhrd pi___;69302;114032;193515;1.645;113432.50;226633.50;1.998;3671190.15
jkfpq asobd zxcvh  glwe_ yntri mu___;53509;120813;202527;2.258;85609.00;186945.00;2.167;3671622.24
jrluq asoit zxcvf  egdp_ hmykw nb___;144211;52838;179800;2.729;230378.50;118657.00;1.940;3671786.45
jwhnq asiou zxcvt  pelf_ gkrdb ym___;145173;66143;165533;2.195;264877.00;112346.50;2.297;3674861.20
jbgwq aslik zxcvp  mnfd_ eotrh yu___;60027;134841;181981;2.246;88602.00;214698.50;2.339;3676767.28
jyogq askhl zxcvf  pdei_ turnw mb___;55247;121653;199949;2.202;95214.00;208118.00;2.169;3677066.66
jikmq asrfy zxcvp  twnd_ uglhb oe___;68699;110206;197944;1.604;117787.00;225239.00;1.908;3677099.10
jideq asthl zxcvb  krwg_ funym po___;161477;57905;157467;2.789;269905.50;105589.50;2.415;3677281.06
jgpwq asetf zxcvo  rdik_ ynuhb ml___;115023;51657;210169;2.227;173825.00;85020.00;2.044;3679214.40
jwdbq asthk zxcvp  nlif_ ogrme uy___;65651;127183;184015;1.937;88194.50;212662.50;2.331;3681606.15
jwlfq askop zxcvn  ihry_ embgd tu___;75752;107975;193122;1.425;120876.50;233937.50;1.933;3683064.33
jdnhq asoew zxcvu  mklb_ ryigp tf___;124260;53076;199513;2.341;191505.00;89715.50;2.126;3683728.11
jdflq asmgk zxcvt  yhno_ bwpui er___;59883;107104;209862;1.789;103119.50;195057.50;1.886;3685116.97
jnpmq asdbw zxcvl  rheu_ fiyok gt___;61960;118255;196634;1.909;101516.50;215323.50;2.114;3685238.32
jnteq ashlk zxcvm  oyrw_ giubp df___;146900;60270;169679;2.437;239092.00;105189.00;2.237;3686424.92
jnrmq asdki zxcvt  wfuh_ pogeb ly___;120339;60331;196179;1.995;229049.50;104600.00;2.172;3687526.39
jbgwq aslik zxcvp  mnfd_ eorth yu___;60027;134841;181981;2.246;88602.00;215559.00;2.345;3688226.00
jbutq asnfe zxcvg  wrik_ ldhom py___;126703;61064;189082;2.075;222622.50;96213.00;2.266;3688443.38
jeunq asmbr zxcvp  dyig_ hwkot lf___;129122;68516;179211;1.885;235522.00;106173.50;2.195;3692925.75
jgobq asmrd zxcve  lupn_ whyti kf___;121740;68904;186205;1.767;215506.50;99028.50;2.161;3693626.07
jpnbq asiwl zxcve  hrmk_ toguy fd___;126322;60385;190142;2.092;226933.00;109247.00;2.074;3696673.10
jpnbq asiwl zxcve  rhmk_ tougy fd___;126322;60385;190142;2.092;226933.00;113324.50;2.003;3697925.55
jiwdq aslub zxcvf  rypt_ gnhom ek___;70638;120729;185482;1.709;117937.00;244540.00;2.071;3698849.63
jmtfq asned zxcvu  ywbl_ gpkio hr___;138869;53652;184328;2.588;197876.00;80298.50;2.364;3699018.72
jwtrq asuyk zxcvd  ofnh_ pgmlb ie___;71747;105189;199913;1.466;106387.50;205704.00;1.931;3699315.07
jflgq askwy zxcvo  udtm_ heprn bi___;51843;137633;187373;2.655;95756.00;215179.50;2.217;3700227.81
jwogq asdup zxcvm  ifet_ rnkbl hy___;61848;120416;194585;1.947;100541.50;219010.00;2.163;3701294.65
jlkdq asnwi zxcve  gruo_ bhfpm ty___;128706;68637;179506;1.875;240665.00;122217.50;1.969;3702043.04
joewq asthf zxcvu  dbyp_ ikrnl mg___;135152;53963;187734;2.505;216284.00;91742.50;2.296;3702242.75
jkytq asfwu zxcvg  hrni_ bmope dl___;54127;134876;187846;2.492;91385.50;201144.50;2.181;3703682.50
jkytq asfuw zxcvg  hpni_ bmore dl___;54127;134876;187846;2.492;86957.00;196414.50;2.226;3704928.64
jeklq ashtm zxcvr  indp_ bygow fu___;152550;67692;156607;2.254;268170.00;120354.50;2.203;3706162.61
jbtpq asdfl zxcvg  onuk_ iyhwr me___;65255;104061;207533;1.595;96770.50;193945.50;2.004;3706377.54
jomkq aspfg zxcvd  ulrt_ ywein bh___;54538;126802;195509;2.325;92046.50;201901.00;2.175;3706468.72
jthgq asien zxcvm  ukbd_ yrlow fp___;176087;52466;148296;3.356;268899.00;84116.00;2.657;3706905.80
jntuq asigd zxcvo  lwhp_ fekmy rb___;142684;63073;171092;2.262;251756.00;110265.00;2.244;3707987.58
jdgnq astpe zxcvu  rowy_ klhfm ib___;141944;57625;177280;2.463;236478.00;114823.50;2.058;3708604.21
jubgq aspif zxcvk  rldm_ yetno hw___;55907;131452;189490;2.351;85870.00;209721.00;2.351;3709372.33
jnrmq asdki zxcvt  wfbh_ pogeu ly___;120339;60331;196179;1.995;229049.50;103694.00;2.187;3711752.81
jkbdq asrhi zxcve  tulo_ wgmfn py___;121326;66568;188955;1.823;227242.50;113968.00;1.994;3713037.45
jyltq aswhp zxcvg  ombe_ ruikf nd___;76309;119041;181499;1.560;121363.00;247941.00;2.042;3714554.48
jlfkq asrbp zxcvd  umeo_ twyin gh___;55687;122327;198835;2.197;87759.50;194834.00;2.196;3714882.51
jyigq asoeb zxcvd  fplu_ rtnhw mk___;102610;50462;223777;2.033;167987.50;75422.50;2.202;3716823.94
jpimq asoft zxcvr  ekng_ bhwdy lu___;132675;58114;186060;2.283;229315.50;115555.00;1.984;3717542.86
jkeyq aswni zxcvt  rmfp_ gbhdl uo___;141809;56370;178670;2.516;258687.50;116773.00;2.193;3719453.58
jlpiq asndb zxcve  ohgy_ uwfrm kt___;140177;59212;177460;2.367;248231.00;120269.50;2.062;3724388.24
jignq askey zxcvr  dlbm_ htwfo up___;131165;60012;185672;2.186;220475.00;97363.50;2.230;3725855.97
jlopq asgum zxcvk  wtfi_ dryhb ne___;69958;121311;185580;1.734;107733.50;235873.50;2.172;3726014.02
jirhq asywp zxcve  onkf_ mgdtb lu___;119401;62469;194979;1.911;238934.00;123970.50;1.925;3726435.46
jokeq asumn zxcvg  lhyw_ rptif bd___;114572;64056;198221;1.789;215114.00;103126.00;2.082;3728039.83
jtogq askim zxcvr  udbl_ hypwe nf___;115750;61736;199363;1.875;200327.50;97931.50;2.045;3730906.90
jtfuq asmye zxcvr  kwdp_ hnglb io___;135774;65063;176012;2.087;258716.50;121915.00;2.115;3731036.37
johpq asdkb zxcvm  lfgi_ ruewn ty___;56764;119169;200916;2.099;100587.00;208258.00;2.068;3731690.37
jiutq asorb zxcvm  dnfe_ hylgp kw___;131282;57933;187634;2.266;208989.00;92949.00;2.218;3733855.03
jtirq asymn zxcvd  ukbh_ goplw fe___;123302;57326;196221;2.151;209001.00;99405.00;2.097;3734949.01
jhgmq asbly zxcvi  erup_ dtfkn wo___;65646;116855;194348;1.780;110217.00;216254.00;1.961;3735756.40
jrfdq aselg zxcvi  bkyn_ touhw mp___;133845;59355;183649;2.255;219395.50;95864.00;2.248;3736016.93
jymfq aspoh zxcvd  tben_ irlgk uw___;60954;112803;203092;1.851;94124.00;192545.00;2.045;3736481.52
jutnq asfio zxcvl  rebg_ kydmp wh___;152964;59819;164066;2.557;254662.50;109414.00;2.276;3738610.97
jefkq asoyg zxcvt  ndlr_ pmwih bu___;106504;58746;211599;1.813;209983.50;108968.00;1.924;3738817.84
jowhq asiem zxcvg  lbft_ unkdr yp___;112034;48337;216478;2.318;182508.50;85227.00;2.132;3740609.13
jektq asdgi zxcvf  urbh_ mnyow lp___;126129;62007;188713;2.034;230259.50;107373.00;2.134;3740983.61
jtwhq asndf zxcve  kimp_ boryg lu___;140122;65606;171121;2.136;257445.00;111236.00;2.267;3741091.84
jopkq asgwb zxcvi  rylu_ hntfm ed___;62608;112672;201569;1.800;116739.00;230595.00;1.975;3741304.35
jkwbq asgnf zxcvt  uphl_ ioyrm ed___;64584;115667;196598;1.791;108249.50;221268.00;2.043;3741786.00
jyokq aswhf zxcvd  gurb_ inmte lp___;48581;130813;197455;2.693;82043.50;194795.00;2.308;3745024.08
jnpmq asdbw zxcvu  rhel_ fiyok gt___;60548;125156;191145;2.067;100950.00;219255.50;2.157;3745284.59
jdbwq asgtu zxcvy  fpkm_ rnihe lo___;59260;125895;191694;2.124;87242.00;209325.00;2.324;3745411.99
jfdgq aslkr zxcvh  yoit_ unwbe pm___;50421;109962;216466;2.181;78984.00;165917.00;2.096;3746035.62
jhgpq asbik zxcvl  ewur_ dyftn mo___;64003;119433;193413;1.866;107861.50;219990.00;2.039;3746188.98
jwkrq asulp zxcvy  onmb_ dfhie gt___;61345;133691;181813;2.179;95511.00;218484.00;2.247;3746778.99
jkfpq asowd zxcvh  glbe_ yntri mu___;53163;123461;200225;2.322;84968.50;192216.50;2.229;3746819.45
jykiq asfdt zxcve  ohlu_ wnpgb rm___;124653;63174;189022;1.973;240623.50;125052.50;1.921;3748133.29
jdytq asikh zxcve  pwfm_ oublg rn___;140879;67598;168372;2.084;274443.50;130122.50;2.103;3749707.49
jteuq asmbf zxcvn  lyri_ wdkpg ho___;129774;56591;190484;2.293;226656.00;107656.00;2.100;3751439.05
jbmkq asfid zxcvu  rtoh_ engpl yw___;60768;127969;188112;2.106;95577.00;219356.00;2.253;3751465.23
jbgwq aslik zxcvp  mrfd_ eonth yu___;60027;134841;181981;2.246;88602.00;223849.50;2.399;3752392.62
jlboq asrfy zxcve  twnd_ ugihk mp___;122800;66617;187432;1.843;224279.50;113401.50;1.977;3752605.23
jiwlq asmet zxcvk  uygb_ dronp hf___;135853;60880;180116;2.231;219899.00;86847.00;2.402;3754851.75
jnfgq asueo zxcvh  ildr_ ympbt kw___;121203;52528;203118;2.307;200469.00;93085.00;2.142;3756906.14
jwmnq asdiu zxcve  gkyr_ pfhbt ol___;129679;61768;185402;2.099;237138.00;113185.00;2.091;3759392.35
jokeq asumn zxcvg  lhyb_ rptif wd___;114572;64056;198221;1.789;215114.00;101897.00;2.105;3760954.66
jhywq asugn zxcvl  rekf_ ompti db___;61269;118076;197504;1.927;101376.50;212518.00;2.092;3761597.93
jtrbq ashwl zxcve  gokp_ ymidf un___;147997;68952;159900;2.146;290599.00;123889.00;2.288;3762575.57
jtpkq asfyn zxcve  wolh_ ugmdr bi___;117616;64664;194569;1.819;226158.00;109822.00;2.058;3762860.52
jwigq asdub zxcvm  ofet_ rnyhl pk___;59751;125923;191175;2.107;96821.50;219882.00;2.235;3764805.48
jfkeq asopt zxcvb  dgry_ nimwl uh___;113409;55660;207780;2.038;199172.00;94469.50;2.102;3764810.35
jweuq asfki zxcvt  ordl_ bnmhy gp___;121431;59670;195748;2.035;235980.50;112279.50;2.097;3765707.13
joewq asthf zxcvu  igyp_ dmrnl kb___;135152;53963;187734;2.505;216284.00;91965.00;2.293;3766841.45
jdliq asfgk zxcvp  neuy_ mhwto rb___;65304;120502;191043;1.845;107557.00;228110.50;2.114;3766859.04
jgfpq asowh zxcvd  klun_ retyb mi___;54051;115738;207060;2.141;87624.00;191552.00;2.169;3766980.23
jwhfq askop zxcvn  ilry_ embgd tu___;68065;106821;201963;1.569;112540.00;219688.50;1.951;3770138.58
jfdbq asteg zxcvo  uprm_ lhwiy kn___;117572;50412;208865;2.332;178034.50;79641.00;2.208;3772220.43
jyeiq asbtd zxcvp  ohnl_ kgfur wm___;132128;57335;187386;2.304;218220.50;94445.50;2.264;3773401.13
jthyq asier zxcvm  ukbd_ gnlow fp___;170898;51692;154259;3.306;258987.00;80663.00;2.660;3774068.56
jkhtq aslbw zxcvy  efmg_ unord pi___;71375;133952;171522;1.877;108615.00;234761.50;2.149;3774550.89
jonuq aselw zxcvp  tibd_ rhkfy gm___;127518;50601;198730;2.520;196118.00;97247.50;2.017;3774786.74
jwoiq ashey zxcvp  tgdb_ lfmnk ru___;107286;44485;225078;2.412;171833.00;88540.50;1.939;3775130.24
jtieq asgkf zxcvm  dulb_ hprwo yn___;124520;62945;189384;1.978;216402.00;95477.50;2.232;3775301.99
jnmpq aseiu zxcvf  ybro_ lwght dk___;128520;53827;194502;2.388;200662.50;79712.00;2.394;3776732.59
jgblq aspwt zxcvm  frdh_ yuonk ie___;66278;115213;195358;1.738;107000.00;220697.00;2.061;3779139.38
jdukq asinh zxcve  rwbl_ fomgt py___;128844;57704;190301;2.233;224340.50;104119.00;2.143;3779310.09
jhduq aspfr zxcvm  enwy_ lbtik go___;62799;105207;208843;1.675;105673.50;199960.00;1.886;3779526.52
jlohq aspgm zxcvy  eurb_ tfdnk iw___;66376;109981;200492;1.657;108581.50;211651.00;1.948;3779536.40
jkwrq asien zxcvp  mofd_ bguth ly___;132983;54833;189033;2.425;215119.50;89148.50;2.333;3781595.07
jhtmq asurd zxcve  wify_ kbpln og___;160189;64942;151718;2.467;286169.50;111636.50;2.419;3783894.57
jrgnq askey zxcvi  dlbm_ htwfo up___;131165;60012;185672;2.186;222836.50;97363.50;2.248;3785040.21
jmubq asndg zxcvk  yrlw_ etohi pf___;58685;136258;181906;2.322;82933.00;220478.00;2.467;3787094.34
jhgpq asbik zxcvl  ewur_ dtfyn mo___;64003;119433;193413;1.866;107861.50;222263.50;2.059;3787664.16
jwhfq askop zxcvn  ilry_ embgu td___;68065;106821;201963;1.569;112540.00;220861.50;1.962;3787941.15
jienq ashfp zxcvb  ktlo_ ywurm dg___;121259;54273;201317;2.234;194817.50;85551.00;2.240;3790199.79
jtieq asgkf zxcvm  dulb_ hpwro yn___;124520;62945;189384;1.978;216402.00;94929.50;2.242;3790482.58
jboiq ashey zxcvf  wkmr_ ulpgn dt___;106397;47248;223204;2.252;173384.50;79358.50;2.168;3791046.16
jbmuq asktd zxcvg  oinr_ fleyp hw___;61568;121690;193591;1.977;88536.00;197392.50;2.204;3791422.55
jpumq asybl zxcvk  nfer_ wdhit go___;57512;159181;160156;2.768;89736.00;259867.50;2.565;3792856.92
jpioq asehw zxcvf  lgty_ dmukr nb___;113814;45725;217310;2.489;183771.50;86609.00;2.114;3793176.25
joteq asbgf zxcvm  yrhp_ lwduk in___;117548;52935;206366;2.221;205242.50;101059.50;2.030;3794260.70
jtkbq asier zxcvy  hpgw_ oduln fm___;142379;55718;178752;2.555;223834.00;89326.50;2.388;3794268.07
jbryq asuok zxcvw  htfm_ lpedg ni___;65778;124608;186463;1.894;95071.00;224782.00;2.301;3794427.34
jmkdq asulp zxcvr  eoti_ nghbf wy___;69661;116792;190396;1.677;111676.50;217714.00;1.948;3795855.49
jrtoq asifh zxcvp  gydw_ lbenk um___;138665;57201;180983;2.424;232592.00;90520.50;2.423;3796548.88
jhpiq asbdg zxcvy  wret_ lkfmu on___;56448;116799;203602;2.069;96344.50;204365.00;2.114;3797608.59
jhpwq asetf zxcvo  rdik_ ynugb ml___;133974;56161;186714;2.386;204551.00;90224.50;2.232;3799579.07
jetwq asirk zxcvd  pmfo_ ylbgh un___;150327;53926;172596;2.788;241026.50;98027.50;2.361;3799628.63
jwigq asdub zxcvm  ofet_ rnkhl py___;59751;125923;191175;2.107;96821.50;221839.50;2.250;3799911.31
jbdgq aspwm zxcvi  fhok_ tyneu rl___;57608;127156;192085;2.207;98928.50;223452.00;2.226;3800305.43
jdgiq aspwm zxcvu  nrfy_ khlot eb___;63506;118444;194899;1.865;109385.50;222430.00;2.033;3801641.48
jpfmq asiyu zxcvk  drgo_ ltbew nh___;60112;128813;187924;2.143;94549.50;222446.00;2.293;3801834.57
joewq asthf zxcvu  dbyp_ lkrni mg___;135152;53963;187734;2.505;216284.00;85560.50;2.400;3802841.19
jrhyq asiet zxcvm  wkbd_ gnlou fp___;170898;51692;154259;3.306;260895.50;71054.50;2.754;3803739.68
jlonq asiut zxcvw  dryh_ kfpbe mg___;146693;61130;169026;2.400;236464.50;89850.50;2.454;3806146.04
jutdq asehi zxcvf  gwyk_ bpnom rl___;152933;53086;170830;2.881;237237.50;88221.50;2.481;3806445.76
jyofq aspdk zxcvm  hgbl_ newti ur___;56338;131245;189266;2.330;88359.00;216004.00;2.352;3806771.79
jwmgq asdub zxcvi  ofet_ rnyhl pk___;59751;125923;191175;2.107;100553.50;219882.00;2.170;3807111.71
jetuq asnfb zxcvm  wlgk_ rdioh yp___;129774;56591;190484;2.293;215733.00;88188.00;2.353;3808228.21
jrfmq askhy zxcvn  udeo_ pblgi tw___;55214;99292;222343;1.798;89413.50;173986.50;1.944;3810949.71
jduiq asknh zxcve  lwbr_ fymtg po___;128844;57704;190301;2.233;243005.50;117080.50;2.073;3812547.61
joukq asgwb zxcvi  rnlp_ mdtfh ey___;65004;111692;200153;1.718;121869.50;239247.50;1.962;3812974.46
jibmq aspuw zxcvf  tedr_ hglnk yo___;62824;127151;186874;2.024;105706.50;222813.50;2.102;3813468.08
jkwfq asngu zxcvl  mibo_ pdyet rh___;56669;131246;188934;2.316;91777.00;219421.00;2.318;3814521.75
jphgq asymi zxcvu  eold_ knwbr ft___;63091;111379;202379;1.765;109673.00;216121.00;1.970;3814689.23
jefkq asoyg zxcvt  ndlr_ piwmh bu___;106504;58746;211599;1.813;209983.50;106787.00;1.966;3815058.37
jbpdq asyho zxcvk  imwn_ fuert gl___;51954;124546;200349;2.397;87038.00;199771.00;2.253;3816184.63
jyfhq aslwo zxcvg  pedr_ btimk nu___;57149;119881;199819;2.098;98921.00;210202.50;2.117;3817421.34
jidmq asnhe zxcvf  owry_ ugtpl bk___;135576;58303;182970;2.325;236692.00;100769.00;2.291;3820079.88
jeyoq ashnb zxcvg  umrl_ wpkit fd___;109695;60918;206236;1.801;202688.00;91383.50;2.195;3820370.43
jtiyq asdke zxcvb  hlng_ fwruo pm___;123204;66313;187332;1.858;214893.50;91331.00;2.293;3821294.55
jfurq aslte zxcvw  hygi_ dpnbm ok___;139648;57795;179406;2.416;227493.00;102969.50;2.188;3822589.29
jtehq asrmn zxcvk  diog_ pfylb uw___;161102;55591;160156;2.898;250409.50;91478.00;2.502;3824961.97
jwknq asdiu zxcve  gmyr_ pfhot bl___;118938;67182;190729;1.770;217582.50;99303.50;2.173;3825736.01
jepmq asord zxcvh  wify_ kbtln ug___;138323;59806;178720;2.313;228523.00;89417.00;2.415;3825925.38
jutnq asfio zxcvl  redg_ kybmp wh___;152964;59819;164066;2.557;254662.50;105371.00;2.335;3826094.32
jrtoq asifh zxcvp  uydw_ lbenk gm___;138665;57201;180983;2.424;232592.00;90856.00;2.418;3826577.15
jlonq asiut zxcvw  dryh_ kfbpe mg___;146693;61130;169026;2.400;236464.50;88772.00;2.469;3827167.11
jhdyq asnif zxcve  okrl_ gutpm bw___;126506;59420;190923;2.129;218958.50;100211.00;2.168;3828743.05
jkwfq asngu zxcvl  mobi_ pdyet rh___;56669;131246;188934;2.316;91777.00;220449.50;2.326;3828748.50
jutmq asehi zxcvf  pwrk_ ygnod bl___;151684;54384;170781;2.789;233455.50;76975.50;2.610;3831150.95
jpmtq aseiu zxcvw  kbor_ lyghn df___;137476;52914;186459;2.598;216312.50;81174.50;2.470;3831489.20
jykrq aspmf zxcvu  woti_ gbdhe nl___;57537;135737;183575;2.359;96822.50;231048.00;2.316;3831583.60
jpkwq asdfu zxcvi  obye_ hlnrt mg___;57812;126260;192777;2.184;101758.00;220527.50;2.153;3833431.74
jehfq asngt zxcvl  mibo_ pdyku rw___;147492;57150;172207;2.581;257673.50;113862.50;2.229;3835069.37
jhyfq asbgn zxcvl  reow_ kmpti du___;56046;119881;200922;2.139;95947.00;207862.00;2.153;3835148.71
jdmkq aspyg zxcvt  nelw_ ofuir bh___;58615;122813;195421;2.095;99219.00;211952.50;2.127;3836038.88
jowhq asiem zxcvg  lyft_ unkdr bp___;112034;48337;216478;2.318;182508.50;82724.50;2.185;3837625.55
jtbdq aslfw zxcvu  rypi_ gnhkm eo___;69473;109840;197536;1.581;118448.00;234890.00;1.983;3838821.86
jriwq aspgy zxcvd  obkh_ tumfl ne___;65637;103568;207644;1.578;106934.50;208908.00;1.953;3839227.41
jdtuq asehi zxcvf  pwyk_ rgnom bl___;152933;53086;170830;2.881;235867.50;83039.00;2.544;3840246.66
judwq asynr zxcvb  ehfk_ itpgo ml___;64032;108257;204560;1.691;100536.00;207029.00;2.057;3841672.75
jlfhq asent zxcvp  mwkd_ rgoyu bi___;150298;50665;175886;2.967;234658.00;89874.50;2.444;3841946.96
jobrq asywp zxcvf  eulk_ ndtmh ig___;68417;119367;189065;1.745;120117.50;244802.00;2.037;3842437.73
jfmhq asiel zxcvt  gupo_ wkdnb yr___;160168;54555;162126;2.936;274849.50;102665.00;2.475;3842554.82
jriuq ashle zxcvk  bopf_ nygmw dt___;133984;53727;189138;2.494;227482.00;101362.00;2.215;3844403.76
jgeyq aswni zxcvt  rmfp_ kbhdl uo___;148690;54640;173519;2.721;267407.00;112997.50;2.302;3844513.46
jwnoq ashur zxcvt  igdp_ ymfbl ke___;129994;60463;186392;2.150;236343.50;113131.50;2.085;3845596.34
jgrbq asmhl zxcvd  yfpn_ kewou ti___;56485;104459;215905;1.849;88033.50;188854.00;2.135;3848216.07
jntoq ashfi zxcvp  gbmw_ lyerk ud___;146239;63003;167607;2.321;250657.50;94702.50;2.461;3849314.55
jydrq aspmw zxcvh  botg_ lunfi ke___;53585;118885;204379;2.219;83142.50;185025.00;2.201;3850295.61
jfpwq astuy zxcvk  rien_ dhlmo gb___;59863;131321;185665;2.194;79665.00;205749.00;2.429;3852466.51
jutdq asehi zxcvf  pwyk_ rgnom bl___;152933;53086;170830;2.881;237237.50;83039.00;2.550;3853177.06
jdetq aslkh zxcvi  fubg_ prmno wy___;157487;60583;158779;2.600;277049.00;89305.50;2.631;3853333.92
jtkbq asier zxcvy  hogw_ pduln fm___;142379;55718;178752;2.555;223834.00;86657.50;2.430;3853917.45
jfkeq asopt zxcvb  dgry_ niuwl mh___;113409;55660;207780;2.038;199172.00;90876.00;2.174;3854569.72
jiedq asnmh zxcvf  blpo_ grytu wk___;135576;58303;182970;2.325;221032.00;80200.50;2.510;3855911.36
jeftq aspgi zxcvk  yrhn_ mlwou bd___;122717;59395;194737;2.066;219885.50;96523.50;2.241;3857879.61
jtmhq askwf zxcvd  roie_ ynugb pl___;63524;122215;191110;1.924;99701.00;215353.50;2.147;3858788.93
jenmq asytr zxcvb  owgi_ hpluk fd___;146887;51798;178164;2.836;234142.50;101541.50;2.261;3860857.34
jpnwq asier zxcvu  mhfy_ gdlbk to___;144138;44710;188001;3.224;220610.00;97183.50;2.235;3863651.11
jybgq asmid zxcvu  pefr_ knwlo th___;60143;124021;192685;2.062;95175.50;212381.50;2.205;3864205.35
jhfuq aswig zxcvp  nmye_ tobdr lk___;59308;114789;202752;1.935;96005.00;200682.50;2.086;3865508.47
jdetq aslkh zxcvi  fubg_ yrmwo np___;157487;60583;158779;2.600;277049.00;104462.50;2.464;3865705.28
jftlq asiko zxcvr  unmb_ yhegp dw___;129451;59356;188042;2.181;225825.50;97219.50;2.273;3867431.05
jwigq asdub zxcvm  ofet_ rnypl hk___;59751;125923;191175;2.107;96821.50;228799.50;2.300;3868205.64
jetuq asnfb zxcvm  wlgk_ rdhoi yp___;129774;56591;190484;2.293;215733.00;85629.00;2.396;3870702.06
jkogq asfwy zxcvl  utdm_ heprn bi___;51843;137633;187373;2.655;91906.50;222568.00;2.338;3871218.65
jflgq askwy zxcvo  urtm_ hepdn bi___;51843;137633;187373;2.655;95756.00;224132.50;2.285;3873855.78
jiutq asynr zxcvh  efbl_ dpwgo mk___;134892;59437;182520;2.269;233082.50;111705.50;2.083;3873951.90
juhnq asbfl zxcvw  ipkd_ rgoem ty___;59619;113081;204149;1.897;99116.00;205005.00;2.066;3874456.03
jhyfq asbpn zxcvl  erow_ kmgti du___;58125;112669;206055;1.938;97828.50;198008.50;2.024;3875617.36
jlonq asiut zxcvw  dbyh_ kfrpe mg___;146693;61130;169026;2.400;236464.50;81985.50;2.560;3876887.05
jtifq aswhl zxcve  gokp_ ymndb ur___;152380;59248;165221;2.572;272371.50;115029.50;2.303;3877661.35
jtgbq asfen zxcvl  woih_ umpyr dk___;130676;56724;189449;2.304;211100.50;85340.00;2.369;3877741.61
jewyq asruf zxcvt  pomg_ dkibn hl___;126348;68118;182383;1.855;241928.50;107382.50;2.222;3880369.16
jfhkq asmul zxcvw  ynro_ gipte bd___;47460;141679;187710;2.985;71827.50;201994.50;2.533;3880490.64
jwtiq ashol zxcvn  demf_ bkrgp yu___;149284;61941;165624;2.410;256895.00;101686.50;2.399;3881707.89
jbprq asywo zxcvk  imhn_ fledg tu___;63288;125494;188067;1.983;110650.00;239688.50;2.153;3881951.52
jdgiq aspwm zxcvu  nrfy_ khbot el___;63506;118444;194899;1.865;109385.50;224980.00;2.055;3882866.18
jhidq asnue zxcvk  mopl_ bgwyr ft___;128844;57704;190301;2.233;223755.00;95994.50;2.278;3883297.20
jiedq asnuh zxcvf  yrpg_ olbtm wk___;134204;51808;190837;2.590;221918.00;85151.00;2.441;3883384.41
jenfq asrty zxcvh  uwig_ bplok md___;158279;51699;166871;3.062;257935.00;87157.00;2.587;3884125.60
jlbgq asnft zxcve  mkho_ puyid rw___;130676;56724;189449;2.304;240463.50;109658.50;2.175;3884920.52
jonuq asehw zxcvp  tibd_ rlkfy gm___;119818;49434;207597;2.424;185103.00;90259.00;2.050;3885265.10
jrumq aspbg zxcvf  kwen_ yhoid tl___;59345;128234;189270;2.161;91340.50;216867.00;2.308;3887328.04
jbrmq aspud zxcvg  lthf_ wnyeo ik___;61713;123156;191980;1.996;89184.50;210414.00;2.298;3887696.59
jdhlq asgkm zxcvo  ntrf_ pbeyw ui___;59210;107983;209656;1.824;108516.50;218046.00;2.009;3888545.51
jybwq asgeu zxcvf  tilp_ nmdkr ho___;68252;110910;197687;1.625;103752.00;225040.50;2.155;3890409.44
jhbrq asngt zxcvo  mdik_ pleyf uw___;120809;60951;195089;1.982;219543.00;93970.00;2.282;3890576.63
jknlq aseof zxcvr  yiph_ wmtbg du___;141909;48118;186822;2.949;226735.50;87530.50;2.433;3891545.13
jnhkq asufl zxcvw  robd_ igpet my___;56199;116329;204321;2.070;90520.00;205249.50;2.233;3893780.37
jbweq asnog zxcvr  hlkm_ yfuti pd___;130003;58106;188740;2.237;234811.50;96205.50;2.350;3894361.78
jwdmq aspob zxcvf  tenh_ lgyri ku___;57859;128392;190598;2.219;86484.00;201650.50;2.279;3894813.27
jhdyq asnif zxcve  okrm_ gutpl bw___;126506;59420;190923;2.129;218958.50;97225.50;2.221;3895567.40
joteq asuhy zxcvg  lmkw_ infpr bd___;132401;51563;192885;2.568;214637.50;92835.00;2.265;3896867.28
jgneq asirb zxcvd  yfwm_ uohtp lk___;147231;56676;172942;2.598;249147.50;85903.50;2.566;3900835.18
jpihq aswdg zxcvm  lyft_ unkeb ro___;60737;113895;202217;1.875;100822.00;222515.00;2.186;3901247.57
jidbq aseol zxcvp  ktgy_ hmwuf nr___;129981;44919;201949;2.894;210400.50;95058.50;2.191;3901770.31
jewyq asruf zxcvt  pgmo_ dkibn hl___;126348;68118;182383;1.855;241928.50;106518.50;2.235;3902404.43
jmdnq aspbe zxcvr  gkil_ ftuoh yw___;128676;70646;177527;1.821;239041.00;94777.00;2.397;3902796.90
jlmeq asdnw zxcvo  kigt_ hbyuf rp___;129694;57100;190055;2.271;224096.50;104204.00;2.139;3903355.83
jreiq asmof zxcvk  wdbn_ hulpg yt___;136843;48761;191245;2.806;215995.00;86550.50;2.382;3903579.02
jytkq aswfl zxcvp  ugbm_ eidho rn___;62521;125666;188662;2.010;98900.50;235237.50;2.310;3905130.29
jlrbq asmhg zxcvd  yfpn_ kewou ti___;56485;104459;215905;1.849;86404.00;188854.00;2.169;3905815.01
jwigq asdub zxcvm  ofet_ rnkpl hy___;59751;125923;191175;2.107;96821.50;231114.00;2.316;3905879.92
jwgbq asupl zxcvy  fnmr_ hedio kt___;51895;157434;167520;3.034;81509.50;248601.50;2.616;3907369.75
jfdbq asteg zxcvo  uprm_ whliy kn___;117572;50412;208865;2.332;178034.50;74334.50;2.321;3907514.48
jkfpq asowh zxcvd  glbn_ retyu mi___;53163;123461;200225;2.322;87030.50;204702.00;2.293;3908521.81
jhdwq asrfp zxcvg  knuy_ obtie ml___;47930;115486;213433;2.409;71677.50;174542.50;2.346;3909500.00
jyrhq asibp zxcve  nokf_ mgdtw lu___;120640;60714;195495;1.987;230459.00;111669.50;2.062;3911324.47
jetrq asnfb zxcvg  wlmk_ uihod yp___;143741;50908;182200;2.824;225681.00;79546.50;2.543;3912552.23
jfdkq asmtr zxcvg  einb_ luwyh po___;65033;93373;218443;1.436;92679.50;179055.50;1.930;3912999.81
jiheq aspru zxcvw  oflk_ mgtdn by___;127367;55125;194357;2.311;221492.50;94669.50;2.284;3913407.53
joteq asuhy zxcvg  lmfw_ inkdr bp___;132401;51563;192885;2.568;214637.50;92151.50;2.277;3913518.38
jheiq asbnt zxcvy  wrpg_ klmfu od___;164398;52907;159544;3.107;279545.00;98692.00;2.541;3914421.10
jntoq ashbi zxcvp  gfmw_ lyerk ud___;140748;62100;174001;2.266;241675.00;91992.50;2.452;3914665.47
jimkq aspdg zxcvf  ulrt_ yweob nh___;57500;126134;193215;2.194;98423.00;226241.50;2.256;3917136.40
jfukq aspyh zxcvl  nbdo_ wmtie gr___;51676;141854;183319;2.745;88211.00;227665.00;2.428;3918995.03
joutq asirl zxcvw  kmfn_ bhepd gy___;137763;53972;185114;2.552;218872.00;80003.00;2.502;3919980.41
jnhgq aswbl zxcvd  ofmt_ rpeuy ki___;59170;117853;199826;1.992;99414.00;217081.00;2.167;3921774.66
jpmtq aseiu zxcvw  fbor_ lyghn dk___;137476;52914;186459;2.598;216312.50;78333.50;2.513;3922862.00
jduwq asynr zxcvf  ehbk_ iptgo ml___;63409;103046;210394;1.625;98373.00;202660.00;2.058;3923517.69
jnbhq aslte zxcvd  riwg_ pouym kf___;154613;58768;163468;2.631;267913.00;107318.50;2.383;3923664.30
jriuq ashye zxcvm  bopf_ nlwkg dt___;127584;54795;194470;2.328;230896.50;103764.00;2.200;3924234.18
jgeyq ashni zxcvt  rmfp_ kbwdl uo___;168350;54916;153583;3.066;296003.50;112537.00;2.453;3924633.68
jbfpq asdtl zxcvg  onmk_ iyhwr ue___;65255;104061;207533;1.595;94640.50;198626.50;2.094;3927864.97
jgmiq aslkh zxcvu  nrbw_ fdytp oe___;68360;110927;197562;1.623;116531.50;239111.50;2.051;3928299.15
jfdgq aslkr zxcvh  ymit_ unwbe po___;50421;109962;216466;2.181;78984.00;174477.50;2.188;3929158.36
jfwkq asnbu zxcvl  higr_ pdyte om___;55670;132190;188989;2.375;92613.00;229537.00;2.372;3929506.62
jdmkq aspyg zxcvt  nelw_ ofriu bh___;58615;122813;195421;2.095;99219.00;217328.50;2.173;3929834.52
jpfbq asltu zxcvy  orkh_ dwngm ei___;77259;116132;183458;1.503;114284.50;243080.50;2.119;3931945.00
jftnq asleh zxcvu  rdmp_ kgywi bo___;153088;50079;173682;3.057;236821.50;94403.50;2.389;3932026.82
jfknq aseut zxcvl  gmwr_ byhop di___;133326;53375;190148;2.498;218166.00;91738.00;2.310;3932333.51
jdwpq asite zxcvf  yobr_ gknlm hu___;132528;55441;188880;2.390;210205.00;87830.50;2.320;3932662.12
jpkwq asdfu zxcvi  obye_ rlnht mg___;57812;126260;192777;2.184;101758.00;224253.50;2.183;3933387.50
jkwrq asien zxcvh  gofd_ bmutp ly___;135922;52616;188311;2.583;219382.00;86878.00;2.399;3935312.73
jkfpq asnwu zxcvh  glbe_ yotri md___;51238;123057;202554;2.402;82014.50;196388.50;2.321;3937350.65
jfowq asetp zxcvr  bkgi_ numhd yl___;149550;46323;180976;3.228;233484.50;84337.50;2.515;3937885.76
jhtuq asgwi zxcve  kdbn_ rfply om___;141958;59784;175107;2.375;263019.00;117714.50;2.208;3940160.03
jtfiq asnmo zxcvd  pbyh_ wukre lg___;140882;63749;172218;2.210;244754.50;92611.50;2.459;3941895.53
jygwq aslik zxcvp  unfd_ eortb hm___;59095;134609;183145;2.278;89508.00;234357.50;2.447;3942083.85
jreiq asmof zxcvk  wdbn_ hglpu yt___;136843;48761;191245;2.806;215995.00;84949.50;2.408;3942535.02
jkbwq asgtu zxcvy  fpdm_ rnehi lo___;55795;141132;179922;2.529;82927.50;236254.00;2.547;3944986.11
jigtq asneh zxcvm  drfk_ opuwl by___;176087;52466;148296;3.356;289518.50;92872.00;2.635;3948453.61
jybkq aswnu zxcvd  lgro_ ihmte fp___;50710;143407;182732;2.828;81409.00;220149.50;2.488;3949456.52
jmbkq aslhr zxcvd  gpye_ ifwtn uo___;55311;111896;209642;2.023;85706.50;185546.50;2.151;3949940.47
jhifq asnue zxcvk  mopl_ bgwyr dt___;119379;55685;201785;2.144;204155.00;90586.50;2.222;3950556.55
joewq astul zxcvh  igyk_ dmrbf pn___;147427;47903;181519;3.078;254002.50;107075.50;2.306;3950897.44
jdwpq asite zxcvf  yobr_ gknum hl___;132528;55441;188880;2.390;210205.00;88131.50;2.315;3952312.47
jtpiq asnmo zxcvy  fbdh_ wlgre uk___;135432;64387;177030;2.103;229348.50;82752.00;2.517;3952769.54
jublq astih zxcve  gmrw_ nypkf do___;160212;54064;162573;2.963;273489.00;106543.00;2.421;3954873.69
jtpkq asfyn zxcve  woih_ ugmdr bl___;117616;64664;194569;1.819;226158.00;101970.00;2.195;3956518.09
jfnlq asipg zxcve  horu_ mdbty kw___;133274;57812;185763;2.305;238597.50;96151.50;2.374;3958474.19
jehuq asdkt zxcvi  oygf_ pbmwr ln___;147783;59192;169874;2.497;274820.50;123602.00;2.199;3958542.66
jtmeq asgkf zxcvi  dulb_ phrwo yn___;124520;62945;189384;1.978;229980.00;98561.00;2.280;3958963.26
jkrlq asupb zxcvw  hotd_ ifmey ng___;62014;133660;181175;2.155;93435.50;251321.50;2.481;3959541.18
jrpkq aslbf zxcvd  umeo_ wtygn ih___;55687;122327;198835;2.197;85116.50;196821.00;2.265;3960557.81
jukdq asbmr zxcvg  whto_ eiyfn pl___;53504;132849;190496;2.483;88755.50;213423.50;2.327;3960763.86
jtdrq asnuo zxcvf  pbgh_ lwmke iy___;128400;55643;192806;2.308;219759.00;95247.00;2.262;3961618.38
jopiq asmed zxcvw  yubn_ gthkl fr___;119209;50577;207063;2.357;192285.00;80732.50;2.313;3963948.42
jirbq aswyg zxcvp  omhe_ lnukf td___;62320;112285;202244;1.802;109072.50;224205.00;2.054;3964128.30
jbkuq asrlp zxcvy  nomw_ eihfd gt___;65609;134961;176279;2.057;101582.50;252487.00;2.376;3965741.80
jokfq asnei zxcvw  gyul_ bhdtm pr___;127172;49799;199878;2.554;205395.00;80846.00;2.407;3970089.84
jfinq astew zxcvl  rbgd_ uhkyp mo___;163111;42793;170945;3.812;245259.50;94066.50;2.442;3971097.54
jftlq asiko zxcvr  unmb_ yhgep dw___;129451;59356;188042;2.181;225825.50;93169.50;2.339;3971339.96
jdetq aslyh zxcvi  oubg_ mrpnf wk___;160220;57348;159281;2.794;280984.00;103928.00;2.487;3972452.52
jihwq asnfd zxcve  ktmp_ borug ly___;127646;62854;186349;2.031;236127.50;100658.00;2.289;3973466.74
jghuq aswom zxcvk  ytrf_ pbdni le___;53592;125706;197551;2.346;84811.50;209305.00;2.366;3973951.04
jlbuq asihd zxcvw  mnpr_ tokgf ey___;71933;110222;194694;1.532;108762.50;235695.50;2.153;3974788.40
jugyq asndp zxcvw  orfk_ lhemi bt___;58110;130962;187777;2.254;87585.00;219853.00;2.390;3975204.50
jonlq asbfe zxcvd  ytgk_ rhmwi up___;127905;57216;191728;2.235;232542.00;101954.50;2.243;3976318.42
jrfyq asiwp zxcvg  tluk_ hebmd on___;63961;109338;203550;1.709;101350.00;211076.50;2.079;3976691.35
jkrlq asnet zxcvw  hobd_ ifmpy ug___;146778;47215;182856;3.109;215430.00;85509.50;2.395;3976907.54
jbhnq asufl zxcvw  ipkd_ rgoem ty___;59619;113081;204149;1.897;95445.00;205005.00;2.137;3979141.57
jhigq asyfb zxcvk  rwed_ mptno ul___;48875;134574;193400;2.753;78438.00;217788.00;2.519;3980666.39
jifgq askdb zxcvh  peum_ otwrl yn___;52840;125805;198204;2.381;92211.50;212605.50;2.261;3980717.62
jytbq asowe zxcvu  mkpr_ dfigl nh___;114455;54944;207450;2.083;200412.50;91812.50;2.166;3981461.74
jkieq aswro zxcvb  tudg_ pflnm yh___;121303;50290;205256;2.412;220545.50;102286.00;2.144;3981641.42
jwfkq asogy zxcvl  ndtr_ piemh bu___;51843;137633;187373;2.655;87555.50;222248.50;2.406;3983541.82
jwedq astpo zxcvm  ulnb_ gfrih ky___;129210;50854;196785;2.541;206292.00;75330.50;2.503;3983990.46
juelq ashmr zxcvt  fbgo_ kinwy pd___;165788;59652;151409;2.779;293594.00;96811.00;2.610;3985831.77
jdewq astpo zxcvm  ulnb_ ghrif ky___;129210;50854;196785;2.541;206170.50;75099.00;2.506;3987756.31
jyokq aswhg zxcvd  furb_ inmte lp___;45042;129919;201888;2.884;75211.00;193921.50;2.427;3989410.85
jybnq asdoe zxcvu  wrtm_ gphfi lk___;116909;59821;200119;1.954;209352.00;88076.00;2.309;3989985.08
jydbq aspnh zxcvw  uolf_ kreig mt___;51480;124495;200874;2.418;74518.50;193247.00;2.435;3990090.74
jugyq asnmp zxcvw  orfk_ tehdi bl___;57671;133070;186108;2.307;87734.00;223088.00;2.408;3990372.22
jwrnq ashep zxcvt  mkod_ ifugy lb___;162687;51755;162407;3.143;263929.00;94269.50;2.528;3990657.38
jnhdq askwr zxcvg  ftuo_ lyimb ep___;58592;105062;213195;1.793;100233.00;202335.50;2.018;3991401.25
jolbq asekt zxcvh  ugdi_ pnmfr wy___;137107;55867;183875;2.454;228362.50;84431.00;2.488;3991423.22
jektq asdgi zxcvf  yrbl_ mnuow hp___;126129;62007;188713;2.034;230259.50;97052.00;2.306;3991853.42
jhifq asnue zxcvk  mopl_ btwyr dg___;119379;55685;201785;2.144;204155.00;84393.00;2.336;3992525.88
jtifq asbwl zxcve  gpko_ ymrdh un___;134705;57963;184181;2.324;249781.50;109701.50;2.240;3993028.17
jhtoq asefl zxcvg  pwum_ iybnr kd___;141943;47504;187402;2.988;215689.50;77081.50;2.528;3994404.96
jugyq aspdn zxcvw  orfk_ lehmi bt___;58110;130962;187777;2.254;91896.00;221745.00;2.333;3994728.52
jmluq aseit zxcvf  okdp_ hrygw nb___;150557;46724;179568;3.222;229837.00;96143.00;2.318;3995339.17
jlyfq astpw zxcvd  rgkb_ ohinu me___;66111;110554;200184;1.672;92097.50;210337.50;2.245;3995500.31
jwdnq askfp zxcvu  ohgy_ rbtie ml___;53376;129551;193922;2.427;89490.00;215432.00;2.329;3997915.87
jiytq asodl zxcvn  rmfg_ hubep kw___;145245;59964;171640;2.422;263502.50;101393.50;2.438;3998801.86
jmubq asndg zxcvk  yolw_ etphi rf___;58685;136258;181906;2.322;82933.00;237059.50;2.551;3999355.60
jherq aslnt zxcvg  yofm_ uidwk pb___;172901;45343;158605;3.813;271790.00;79325.50;2.710;3999391.46
jugyq asndp zxcvw  orfk_ lehmi bt___;58110;130962;187777;2.254;87585.00;221745.00;2.402;3999658.61
jnodq aseli zxcvk  hrug_ ftmwy bp___;152067;41331;183451;3.679;234750.00;76178.50;2.625;3999737.62
jdewq astpo zxcvm  ulni_ ghfbr ky___;129210;50854;196785;2.541;206170.50;78460.00;2.452;4002257.48
jiylq astdo zxcvn  rpug_ hfbke mw___;145245;59964;171640;2.422;262312.50;103199.00;2.408;4003904.06
jtdhq asoui zxcvn  mrkf_ yeblp wg___;152347;58289;166213;2.614;273951.00;94246.50;2.569;4006089.73
jfphq asiel zxcvt  gbmy_ rndku ow___;159985;52625;164239;3.040;277938.00;100606.00;2.513;4008266.74
jtdnq asruo zxcvf  hgbp_ lwkme iy___;128400;55643;192806;2.308;214990.00;94464.50;2.239;4011663.64
jelrq asptg zxcvd  iomn_ fuhby kw___;147664;56804;172381;2.600;236664.50;96245.50;2.361;4014613.99
jpyoq aswlg zxcvh  bunr_ kmtfd ie___;60932;117018;198899;1.920;101611.50;227538.00;2.211;4015974.16
jolbq asekt zxcvh  ngdi_ pumfr wy___;137107;55867;183875;2.454;228362.50;90962.50;2.391;4018263.21
jireq astwf zxcvg  pkuo_ lyhdb mn___;147603;50037;179209;2.950;244486.00;97029.00;2.396;4018456.08
jeblq asimg zxcvt  wrpu_ hfkdy on___;142171;55593;179085;2.557;259278.50;112388.50;2.262;4018572.05
jlebq asyut zxcvi  hdmn_ krgpf ow___;142405;53347;181097;2.669;249403.00;105192.00;2.305;4018790.63
jbutq asnre zxcvg  wfik_ ydhom pl___;154432;51577;170840;2.994;262719.00;79489.00;2.683;4025423.97
juweq astrl zxcvm  pidn_ koyfh bg___;146189;59437;171223;2.460;251714.50;90483.50;2.521;4025699.05
jeidq aslmr zxcvg  ftho_ ukywn pb___;139212;59823;177814;2.327;240303.00;93544.50;2.422;4026051.81
jherq aslnt zxcvg  yofm_ uibwk pd___;172901;45343;158605;3.813;271790.00;81478.50;2.690;4028352.55
jukdq asbmr zxcvg  whto_ einfy pl___;53504;132849;190496;2.483;88755.50;218263.00;2.361;4029323.09
jfydq asnru zxcvb  emgi_ lwoph tk___;66422;103065;207362;1.552;101823.00;209041.00;2.052;4029972.88
jetrq asipk zxcvh  wmfo_ ylugd bn___;168000;53015;155834;3.169;284354.00;85321.00;2.690;4030453.87
juofq aspkd zxcvw  hgbl_ yrmti ne___;57460;129538;189851;2.254;92365.00;234101.00;2.404;4030505.90
joigq asnhm zxcvr  ybfp_ kdwel tu___;117111;57490;202248;2.037;210909.00;91397.50;2.262;4030517.85
jyokq aswhg zxcvd  lurb_ inmte fp___;45042;129919;201888;2.884;75211.00;195007.00;2.435;4030549.13
jherq aslnt zxcvg  uofm_ yidwk pb___;172901;45343;158605;3.813;271790.00;78971.50;2.713;4031107.19
jbfuq aslng zxcvk  yiow_ hmpdt er___;60370;131953;184526;2.186;88648.50;234876.00;2.462;4033648.87
jfdmq askrn zxcvy  obtg_ luwhi pe___;57692;106126;213031;1.840;87550.00;191810.00;2.173;4035213.84
jnkdq ashwr zxcvg  ftuo_ lyimb ep___;58592;105062;213195;1.793;99042.50;202335.50;2.042;4035475.91
jbugq asnfe zxcvt  drio_ lwhkm py___;126703;61064;189082;2.075;235927.50;99691.00;2.303;4037128.27
jnbwq asfkt zxcvy  ehdl_ ogmpr iu___;63783;117509;195557;1.842;110717.50;228988.50;2.066;4039902.02
jtueq aswop zxcvf  dhir_ mynbk gl___;124133;48100;204616;2.581;206304.00;90595.00;2.240;4040544.74
jyltq asdor zxcvn  ghum_ efwpb ki___;124283;48501;204065;2.562;206945.50;94518.00;2.172;4041893.30
jopiq asmed zxcvw  ybun_ gthkl fr___;119209;50577;207063;2.357;192285.00;77330.00;2.377;4042813.70
jpfgq aslud zxcvh  myon_ wbeir tk___;54473;123306;199070;2.264;80707.50;199335.00;2.367;4042971.65
jiwlq asegm zxcvo  hkun_ frtpy bd___;119031;48801;209017;2.439;206081.00;86380.50;2.315;4043457.82
joutq asirl zxcvw  hmfn_ bkepd gy___;137763;53972;185114;2.552;218872.00;83870.50;2.443;4044039.20
jmubq asndg zxcvk  yrlw_ etphi of___;58685;136258;181906;2.322;82933.00;240626.50;2.567;4044775.47
jiytq asodl zxcvn  rmfe_ hupgb kw___;145245;59964;171640;2.422;263502.50;106183.00;2.374;4045302.82
juofq aspdk zxcvw  hgbl_ yrmti ne___;57460;129538;189851;2.254;89222.00;234101.00;2.450;4045341.15
jdumq asybl zxcvk  nfeo_ wphit gr___;52895;153764;170190;2.907;82159.00;257256.00;2.639;4046456.94
jieyq asnhm zxcvf  tolk_ wpdur gb___;122140;57601;197108;2.120;204880.00;88497.00;2.267;4046901.97
jhfuq aswig zxcvp  nmye_ tlbdr ok___;59308;114789;202752;1.935;96005.00;206652.50;2.141;4047934.67
jterq asgof zxcvk  upil_ hnybm wd___;139651;49389;187809;2.828;215219.50;75125.00;2.553;4049307.26
jotlq asreu zxcvh  bpny_ gwifm kd___;182208;37886;156755;4.809;289803.50;60663.00;2.869;4049823.70
jnmuq asroe zxcvb  lgtf_ pdwyi hk___;147167;50122;179560;2.936;245001.00;88534.50;2.515;4051556.61
jtifq ashwl zxcve  gokp_ ymrdb un___;152380;59248;165221;2.572;280757.00;112012.00;2.388;4051672.33
jyfbq asnte zxcvr  kwdp_ gmhlu io___;140778;50588;185483;2.783;237255.50;95541.00;2.375;4052654.20
jpygq astbl zxcvw  ndhf_ mkuer io___;65190;124312;187347;1.907;94131.50;238469.50;2.403;4053699.59
jltiq asned zxcvu  ywbm_ gphfo kr___;183246;37878;155725;4.838;270752.00;55590.50;2.875;4053835.99
joutq asirl zxcvw  hpfn_ bkemd gy___;137763;53972;185114;2.552;218872.00;83048.50;2.456;4057666.31
jfuiq asemt zxcvg  wkln_ rypob hd___;134563;51710;190576;2.602;217009.00;82933.50;2.447;4058812.08
jmylq aswfi zxcvh  ntbk_ udpgr oe___;64853;116411;195585;1.795;112943.50;235120.00;2.078;4059029.72
jnigq aspeu zxcvr  hwbf_ lymot dk___;150677;46312;179860;3.254;244645.00;79108.00;2.628;4059915.03
jreiq aslth zxcvu  wonf_ mdpkg by___;188190;40238;148421;4.677;292498.00;57939.50;2.885;4061078.51
jnieq astor zxcvh  wufg_ pdlkm yb___;222743;21075;133031;10.569;377873.50;33489.50;2.981;4061948.53
jtubq asnre zxcvg  ypil_ wdhom fk___;154432;51577;170840;2.994;260575.00;77459.50;2.696;4063072.04
jhfiq asedo zxcvb  lmnk_ gptyu rw___;117859;45976;213014;2.563;195206.00;84217.50;2.269;4063178.21
jewyq asruf zxcvt  pgmo_ dlibn hk___;126348;68118;182383;1.855;241928.50;98144.50;2.364;4063244.31
jygrq aspmw zxcvh  boud_ ltifn ke___;51384;126775;198690;2.467;80900.00;197804.00;2.352;4064371.75
jyltq asrod zxcvn  gpum_ efwhb ki___;124283;48501;204065;2.562;201593.00;88116.00;2.248;4064417.51
jdtgq aspoe zxcvb  firh_ nwkul ym___;121291;47485;208073;2.554;200508.00;83607.50;2.323;4065785.23
juteq asdhi zxcvf  kbrg_ wpnom yl___;152933;53086;170830;2.881;255504.00;74511.50;2.710;4065939.29
jyteq aswhl zxcvo  gmbp_ rnikf ud___;139062;54848;182939;2.535;235798.50;93797.00;2.392;4066506.32
jipmq asywd zxcvg  refo_ kbtun lh___;56674;126922;193253;2.240;95742.50;225713.00;2.296;4066635.96
jbryq ashok zxcvw  utfm_ lpedg ni___;60072;117122;199655;1.950;86989.50;214561.00;2.365;4067699.03
jnhgq aslbw zxcvd  ofmt_ rpeuy ki___;59170;117853;199826;1.992;93261.00;217081.00;2.276;4070805.72
jutdq asihe zxcvf  bwyk_ rmnog pl___;152933;53086;170830;2.881;251577.50;81749.00;2.624;4070824.62
jlgfq astoe zxcvb  rpwm_ kdhny iu___;125048;46999;204802;2.661;204232.00;93044.00;2.176;4071127.63
jtdhq asoui zxcvn  mbkf_ yerlw pg___;152347;58289;166213;2.614;273951.00;87313.50;2.641;4071875.49
jirbq askyg zxcvp  omhe_ lnuwf td___;61508;115147;200194;1.872;107631.00;228889.50;2.119;4072273.43
jidmq aseol zxcvp  ktgy_ hbwuf nr___;138653;44104;194092;3.144;224418.00;93635.50;2.322;4073579.15
jgblq aspwt zxcvm  frdh_ ouynk ie___;66278;115213;195358;1.738;107000.00;234431.50;2.173;4073591.13
jhmdq asgfw zxcvr  iupl_ kteon yb___;46227;115530;215092;2.499;76985.50;173109.50;2.218;4073593.50
jgeyq aswni zxcvt  rmfp_ kohdl ub___;148690;54640;173519;2.721;267407.00;96096.00;2.521;4074242.51
jiumq asfwh zxcvd  ebtn_ lkgpy ro___;63365;110502;202982;1.744;113854.00;230422.50;2.024;4074490.29
jfelq astgn zxcvu  ywro_ bpmih dk___;139794;51232;185823;2.729;223923.50;77549.50;2.562;4074575.90
jwfrq askdp zxcvu  ohgt_ nbyie ml___;52479;130426;193944;2.485;91087.50;215604.50;2.303;4074647.56
jtmeq asgkf zxcvi  dulb_ hprwo yn___;124520;62945;189384;1.978;229980.00;95477.50;2.330;4075567.16
jdlnq ashki zxcve  rbup_ gwyfm ot___;138526;59073;179250;2.345;271521.50;125858.50;2.145;4075916.93
jnkdq ashwr zxcvf  gtuo_ byiml ep___;55626;99451;221772;1.788;90284.50;182496.50;2.021;4075941.33
jhfiq asedo zxcvb  lmnk_ gptru yw___;117859;45976;213014;2.563;195206.00;77207.50;2.400;4076034.04
jiwlq asegm zxcvo  hkun_ tdfpy br___;119031;48801;209017;2.439;206081.00;91122.50;2.228;4076614.85
jbweq asnog zxcvr  lhkm_ yfitu dp___;130003;58106;188740;2.237;234811.50;92916.50;2.400;4077058.09
jrpdq asykl zxcvb  touf_ ghemi wn___;57932;129860;189057;2.242;93178.00;224813.50;2.332;4077208.99
jfdhq asimk zxcvl  epbo_ tywun gr___;67396;109894;199559;1.631;106743.00;224088.50;2.094;4077673.28
jlgfq astoe zxcvm  npwk_ buhry id___;131349;43813;201687;2.998;216650.00;97304.00;2.201;4078029.23
jpygq asbtl zxcvw  ndhf_ mkuer io___;65190;124312;187347;1.907;93022.00;238469.50;2.419;4078361.68
jnodq aseli zxcvb  hrug_ ftmwy kp___;156821;39417;180611;3.979;244667.50;71768.50;2.706;4080288.15
jiyoq astdl zxcvn  rkfg_ hubpe mw___;145245;59964;171640;2.422;268539.00;101107.00;2.466;4080669.34
jytiq asned zxcvp  ohbl_ gkfur wm___;163643;45274;167932;3.615;240772.00;81605.50;2.584;4080900.68
jytlq aswhe zxcvo  gmbp_ ruikf nd___;139062;54848;182939;2.535;243202.00;102295.00;2.310;4081577.84
jonlq asbfe zxcvd  yrgk_ thmwi up___;127905;57216;191728;2.235;232542.00;97937.50;2.308;4082520.60
jhgpq asbly zxcvi  ewum_ dtfkn ro___;66768;116230;193851;1.741;111942.50;236759.50;2.108;4082595.41
jehuq asnfb zxcvi  wlrk_ motdg yp___;122964;52602;201283;2.338;216221.50;84291.50;2.420;4082626.64
jlgfq astoe zxcvm  npwb_ kuhry id___;131349;43813;201687;2.998;216650.00;97110.00;2.205;4084030.64
jrpoq asywb zxcvk  tugf_ ndemh il___;63288;125494;188067;1.983;102379.50;233625.00;2.243;4084859.03
jngeq asirb zxcvd  yfwm_ tohup lk___;147231;56676;172942;2.598;257368.00;92107.50;2.526;4085582.18
jnfkq asite zxcvd  hwrg_ mblyp ou___;157874;52119;166856;3.029;261428.50;99199.50;2.456;4085681.95
jwhuq asgom zxcvk  ytrf_ pbind le___;53592;125706;197551;2.346;85088.50;219873.00;2.430;4085939.87
jwimq asenr zxcvl  bdgh_ kyofu tp___;151351;45357;180141;3.337;228808.00;84301.50;2.492;4087029.62
jgdyq asbrn zxcvf  mlwi_ ukpho te___;59389;108699;208761;1.830;92882.50;203475.00;2.173;4087907.79
jnuhq aslte zxcvd  kwig_ pobym rf___;163214;52759;160876;3.094;279419.00;90660.00;2.625;4088343.90
jfdmq aslkb zxcvh  ygin_ weurt po___;45200;139001;192648;3.075;67218.00;195508.50;2.569;4088452.32
jpbuq asfmw zxcvo  gtdy_ rkhil en___;63989;131946;180914;2.062;116756.00;269036.00;2.260;4088649.68
jelrq asmtg zxcvd  iopy_ fuwbn kh___;145631;56518;174700;2.577;233540.50;94317.00;2.371;4088865.81
jwgbq asupl zxcvy  fnmk_ hedio rt___;51895;157434;167520;3.034;81509.50;264757.50;2.670;4089749.55
jiytq asodl zxcvn  rmfe_ hubgp kw___;145245;59964;171640;2.422;263502.50;103887.50;2.405;4092306.26
jwhuq asgom zxcvk  ftby_ prind le___;53592;125706;197551;2.346;85088.50;219377.50;2.427;4095177.64
jetpq asirk zxcvd  wmfo_ ylbgh un___;158798;48169;169882;3.297;253842.50;84643.50;2.600;4096216.19
jrinq asedh zxcvw  ypfb_ glomk tu___;150567;48559;177723;3.101;230988.00;83764.00;2.511;4096449.00
jfdgq asmtr zxcvk  eibn_ luwyh po___;65033;93373;218443;1.436;92177.00;185822.50;2.016;4097415.78
jotlq asreu zxcvh  bpny_ gwdfm ki___;182208;37886;156755;4.809;289803.50;69005.50;2.822;4098404.44
jtpwq asehf zxcvo  rdik_ ynugb ml___;133974;56161;186714;2.386;219095.50;90224.50;2.342;4099217.03
jieyq asmhw zxcvo  fdut_ rbknl gp___;109424;48370;219055;2.262;193437.50;85198.50;2.235;4099908.68
jekiq asytr zxcvb  fwgm_ hplun od___;142379;55718;178752;2.555;251051.00;97986.50;2.419;4100174.55
jhnlq astfe zxcvd  ybgi_ uopwk rm___;153813;53380;169656;2.881;270124.50;99522.50;2.492;4100786.16
jktpq aseof zxcvr  yilh_ wmnbg du___;147700;48147;181002;3.068;238627.50;79241.50;2.604;4100898.90
jiytq asodl zxcvn  rmge_ hubfp kw___;145245;59964;171640;2.422;263502.50;103373.50;2.412;4102658.98
jwfmq asiuy zxcvk  dbgo_ ltrep nh___;53169;136098;187582;2.560;79538.50;225460.00;2.542;4103348.45
jghpq asyib zxcvw  lfok_ ruemn td___;52555;127934;196360;2.434;80618.00;209279.50;2.436;4105816.66
jpikq asbmd zxcvw  yrgl_ nhtof ue___;56235;134394;186220;2.390;89847.50;243177.50;2.489;4110048.79
jtifq asdye zxcvb  hlng_ kuopr wm___;127976;59829;189044;2.139;219643.50;80562.50;2.498;4110628.39
jieyq asmhw zxcvo  fgut_ rbknl dp___;109424;48370;219055;2.262;193437.50;85711.00;2.225;4110851.68
jbiyq asuke zxcvt  glmh_ fwpdo rn___;120707;61240;194902;1.971;236688.00;102110.50;2.269;4111764.05
jomgq asnhi zxcvr  ybfp_ kdwel tu___;117111;57490;202248;2.037;211180.50;91397.50;2.264;4111886.62
joprq asywb zxcvk  tugf_ ndemh il___;63288;125494;188067;1.983;101342.00;233625.00;2.260;4113310.54
jigoq ashft zxcvr  wkne_ dupbm ly___;131530;59357;185962;2.216;252412.50;104445.00;2.335;4113312.40
jelrq asmtg zxcvd  iopn_ fuwby kh___;145631;56518;174700;2.577;233540.50;94853.00;2.363;4114282.24
jfitq asnew zxcvl  rbgd_ uhkyp mo___;163111;42793;170945;3.812;260830.50;94066.50;2.517;4115158.45
jhtuq asmwi zxcve  rdby_ kfpln og___;148619;58901;169329;2.523;272706.50;115521.00;2.299;4117695.70
jhlnq asdki zxcve  rbup_ gwyfm ot___;138526;59073;179250;2.345;271578.50;125858.50;2.145;4118216.70
jnupq ashkr zxcve  dbfy_ lmwot gi___;125285;64444;187120;1.944;248910.00;105072.50;2.304;4118397.12
jwfyq asunh zxcvk  bmgp_ otied lr___;47187;130940;198722;2.775;70101.00;204917.00;2.574;4121441.51
jrywq asbgn zxcvl  hdkt_ impfo eu___;61671;107674;207504;1.746;104245.50;217451.50;2.082;4123375.87